,smiles,label
0,CC(C)(C)N1CCN(CC1)c2ccc(nc2)N3CCN(c4c3cccc4)C(=O)NCC5(CC5)Cn6ccnc6,0
1,CS(=O)(=O)N1CCN(CC1)c2cc(c(cc2)Cc3c4c(ccc3)N(CCO4)C(=O)N[C@H]5C6C[C@]7(CC5CC(C6)C7)O)O,1
2,c1c(ccc(c1)O[C@H]2C[C@H]3N([C@@H](C2)CC3)C(=O)N[C@H]4C5C[C@]6(CC4CC(C5)C6)C(=O)N)N7CCOCC7,1
3,c1cc2c(cc1)N(CCN2c3ncc(cc3)N4CCC(CC4)O)C(=O)N[C@H]5C6C[C@]7(CC5CC(C6)C7)C(=O)N,1
4,CC(C)(C)N1CCN(CC1)c2ccc(nc2)N3CCN(c4c3cccc4)C(=O)/C=C/c5cccc(c5)Cl,0
5,COC(=O)C12C3C4C1C5C2C3C45NC(=O)N6CCN(c7c6cccc7)c8ccc(cc8)c9ccccn9,0
6,c1ccc2c(c1)N(CCN2C(=O)N3CCC(C3)c4c[nH]nc4)c5cccc(c5)CC(=O)NC6CC6,1
7,CC(c1cccs1)NC(=O)N2CCN(c3c2cccc3)c4ccc(cn4)N5CCN(CC5)C(C)(C)C,0
8,CC(C1CCC(CC1)NC(=O)N2CCN(c3c2cccc3)c4ccc(cc4)N5CCN(CC5)S(=O)(=O)C)(C(F)(F)F)O,0
9,CC(N1CCN(CC1)c2cnc(cc2)N3c4c(cccc4)N(CC3)C(=O)N[C@H]5C6C[C@]7(CC5CC(C6)C7)C(=O)O)(C)C,0
10,CS(=O)(=O)N1CCN(CC1)c2cnc(cc2)N3CC4N(C(C3)CC4)C(=O)N[C@H]5C6C[C@]7(CC5CC(C6)C7)O,0
11,c1cc(cnc1)C2CCN(C2)C(=O)N3CCN(CC3)Cc4ccc(cc4)C(=O)[O-],0
12,COC(=O)C1(CC1)N2CCN(CC2)c3cnc(cc3)N4c5c(cccc5)N(CC4)C(=O)N[C@H]6C7C[C@]8(CC6CC(C7)C8)C(=O)N,1
13,c1ccc2c(c1)CCCN2C(=O)N3CCC(CC3)c4cc([nH]n4)c5ccc(cc5Cl)Cl,0
14,c1cc2c(cc1)N(CCN2c3ncc(cc3)N4CCN(CC4)S(=O)(=O)C5CC5)C(=O)N[C@H]6C7C[C@]8(CC6CC(C7)C8)C(=O)N,1
15,c1cc2c(cc1)N(CCN2c3ncc(cc3)N4CCN(CC4)S(=O)(=O)C5CC5)C(=O)N[C@H]6C7C[C@]8(CC6CC(C7)C8)C(=O)N,1
16,c1cc2c(cc1)N(CCN2c3ncc(cc3)N4CCN(CC4)S(=O)(=O)C5CC5)C(=O)N[C@H]6C7C[C@]8(CC6CC(C7)C8)C(=O)N,1
17,c1cc2c(cc1)N(CCN2c3ncc(cc3)N4CCN(CC4)S(=O)(=O)C5CC5)C(=O)N[C@H]6C7C[C@]8(CC6CC(C7)C8)C(=O)N,1
18,Cc1ncc(o1)C2CCN(CC2)C(=O)N3CCCc4c3cccc4,0
19,c1cc2c(cc1)N(CCN2c3ncc(cc3)N4CCOCC4)C(=O)N[C@H]5C6C[C@]7(CC5CC(C6)C7)O,1
20,CC(N1CCN(CC1)c2cnc(cc2)N3c4c(ccc(c4)Cl)N(CC3)C(=O)N[C@H]5C6C[C@]7(CC5CC(C6)C7)C(=O)N)(C)C,1
21,CC(N1CCN(CC1)c2cnc(cc2)N3c4c(ccc(c4)Cl)N(CC3)C(=O)N[C@H]5C6C[C@]7(CC5CC(C6)C7)C(=O)N)(C)C,1
22,c1cc2c(cc1)N(CCN2c3ccc(cc3)N4CCOCC4)C(=O)N[C@H]5C6C[C@]7(CC5CC(C6)C7)C(=O)N,1
23,c1ccc2c(c1)CCCN2C(=O)N3CCC(C3)c4cccnc4,1
24,c1ccc2c(c1)N(CCN2C(=O)N3CCC(C3)(c4cc[nH]n4)O)c5ccc(cc5)C#N,0
25,COc1ccc2c(c1)N(CCO2)C(=O)N3CCC(CC3)c4cccnc4,0
26,c1ccc2c(c1)CCCN2C(=O)N3CCC(CC3)C(=O)NCc4ccc(cc4Cl)Cl,0
27,c1cc2c(cc1)N(CCN2c3ncc(cc3)N4CCC(CC4)NCC(=O)N5[C@@H](CCC5)C#N)C(=O)N[C@H]6C7C[C@]8(CC6CC(C7)C8)C(=O)N,1
28,CC(=O)NC1CCN(c2c1cccc2)C(=O)N3CCC(C3)c4cccnc4,0
29,c1cc2c(cc1)N(CCN2c3ncc(cc3)N4CCN(CC4)S(=O)(=O)C5CCCC5)C(=O)N[C@H]6C7C[C@]8(CC6CC(C7)C8)O,1
30,c1cc2c(cc1)N(CCN2c3ncc(cc3)N4CCC(CC4)C(F)(F)F)C(=O)N[C@H]5C6C[C@]7(CC5CC(C6)C7)C(=O)N,1
31,c1cc2c(cc1)N(CCN2c3ncc(cc3)N4CCC(CC4)C(F)(F)F)C(=O)N[C@H]5C6C[C@]7(CC5CC(C6)C7)C(=O)N,1
32,CS(=O)(=O)CCN1CCN(CC1)c2cnc(cc2)N3c4c(cccc4)N(CC3)C(=O)N[C@H]5C6C[C@]7(CC5CC(C6)C7)C(=O)N,1
33,c1cc(cnc1)C2CCN(C2)C(=O)N3CCOc4c3cc(cc4)C#N,0
34,c1cc2c(cc1)N(CCN2c3ncc(cc3)N4CCN(CC4)CC5C(C5)(F)F)C(=O)N[C@H]6C7C[C@]8(CC6CC(C7)C8)C(=O)N,1
35,c1cc2c(cc1)N(CCN2c3ncc(cc3)N4CCN(CC4)S(=O)(=O)C(F)(F)F)C(=O)N[C@H]5C6C[C@]7(CC5CC(C6)C7)C(=O)N,1
36,CCS(=O)(=O)N1CCN(CC1)c2cnc(cc2)N3c4c(cccc4)N(CC3)C(=O)N[C@H]5C6C[C@]7(CC5CC(C6)C7)O,1
37,c1cc2c(cc1)N(CCN2c3ccc(cc3)N4CCN(CC4)CC(F)(F)F)C(=O)N[C@H]5C6C[C@]7(CC5CC(C6)C7)C(=O)N,1
38,CC(C)(C)N1CCN(CC1)c2ccc(nc2)N3CCN(c4c3cccc4)C(=O)Nc5cccc(c5)C#C,0
39,COC(=O)C12CCC(CC1)(CC2)NC(=O)N3CCN(c4c3cccc4)c5ccc(cc5)N6CCN(CC6)S(=O)(=O)C,0
40,CC1(CCN(c2c1cccc2)C(=O)N3CCC(C3)c4ccccc4C(F)(F)F)C,1
41,CC(C)(C)N1CCN(CC1)c2ccc(nc2)N3CCN(c4c3cccc4)C(=O)/C=C/c5ccccc5C(F)(F)F,0
42,c1ccc(cc1)c2csc(n2)C3CCN(CC3)C(=O)N4CCCc5c4cccc5,0
43,CC(C)(C)N1CCN(CC1)c2ccc(nc2)N3CCN(c4c3cccc4)C(=O)N5CC6CCS(=O)(=O)C6C5,0
44,CS(=O)(=O)c1ccc(nc1)c2ccc(cc2)N3CCN(c4c3cccc4)C(=O)N5CCC(C5)c6c[nH]nc6,1
45,CC(C)(C)N1CCN(CC1)c2ccc(nc2)N3CCN(c4c3cccc4)C(=O)NCC(c5cccs5)OC,0
46,Cc1ccc2c(c1)CCCN2C(=O)N3CCC(C3)c4cccnc4,1
47,CS(=O)(=O)N1CCN(CC1)c2ccc(cc2)N3c4c(cccc4)N(CC3)C(=O)N[C@H]5C6C[C@@]7(CC5CC(C6)C7)CO,0
48,c1ccc2c(c1)CCCN2C(=O)N3CCC(C3)c4cc(cnc4)F,0
49,CCOC(=O)C1CCN(CC1)c2cnc(cc2)N3c4c(cccc4)N(CC3)C(=O)N[C@H]5C6C[C@]7(CC5CC(C6)C7)C(=O)N,1
50,CC(C)(C)N1CCN(CC1)c2ccc(nc2)N3CCN(c4c3cccc4)C(=O)Nc5ccc6c(c5)cn[nH]6,0
51,c1cc(cnc1)C2CCN(C2)C(=O)N3CCN(CC3)C(=O)c4ccc(cc4)C#N,0
52,COCCOC1CCN(CC1)c2cnc(cc2)N3c4c(cccc4)N(CC3)C(=O)N[C@H]5C6C[C@]7(CC5CC(C6)C7)C(=O)N,1
53,c1ccc2c(c1)N(CCO2)C(=O)N3CCC(C3)c4c[nH]cn4,0
54,c1cc(cc(c1)COc2c3c(ccc2)N(CCC3)C(=O)N[C@H]4C5C[C@]6(CC4CC(C5)C6)O)F,1
55,CCC(C)(C)C(=O)N1CCN(c2c1cccc2)c3ccc(cn3)N4CCN(CC4)C(C)(C)C,0
56,CS(=O)(=O)N1CCC(CC1)N2CCN(c3c2cccc3)C(=O)N4CCC(C4)c5c[nH]nc5,0
57,COc1cc(c(cn1)Cl)C2=CC3CCC(C2)N3C(=O)N4CCCc5c4cccc5,0
58,CC1(CCN(c2c1cccc2)C(=O)NC3C4CC5CC3CC(C5)(C4)C(=O)N)C,0
59,CC1(CCN(c2c1cccc2)C(=O)NC3C4CC5CC3CC(C5)(C4)C(=O)N)C,1
60,c1ccnc(c1)N2CCN(CC2)C(=O)N3CCC(C3)c4c[nH]nc4,0
61,c1cc2c(cc1)N(CCC2)C(=O)N3C4C[C@@H](CC3CC4)c5ncccc5,1
62,c1cc2c(cc1)N(CCC2)C(=O)N3C4C[C@@H](CC3CC4)c5ncccc5,1
63,c1cc2c(cc1)N(CCC2)C(=O)N3C4C[C@@H](CC3CC4)c5ncccc5,1
64,c1cc2c(cc1)N(CCC2)C(=O)N3C4C[C@@H](CC3CC4)c5ncccc5,1
65,CC(C)(C)N1CCN(CC1)c2ccc(nc2)N3CCN(c4c3cccc4)C(=O)NCCN(C)c5ccccc5,0
66,CC(OC(=O)N[C@H](Cc1c(cc(c(c1)F)F)F)CCN2CCN(CC2)c3cnc(cc3)N4c5c(cccc5)N(CC4)C(=O)N[C@H]6C7C[C@]8(CC6CC(C7)C8)O)(C)C,1
67,CC(CS(=O)(=O)N1CCN(CC1)c2cnc(cc2)N3c4c(cccc4)N(CC3)C(=O)N[C@H]5C6C[C@]7(CC5CC(C6)C7)C(=O)N)C,1
68,CS(=O)(=O)N1CCN(CC1)c2ccc(cc2)O[C@H]3CC4N(C(C3)CC4)C(=O)N[C@H]5C6C[C@]7(CC5CC(C6)C7)O,1
69,CC(S(=O)(=O)N1CCN(CC1)c2cnc(cc2)N3c4c(cccc4)N(CC3)C(=O)N[C@H]5C6C[C@]7(CC5CC(C6)C7)O)C,1
70,CC(C)(C)N1CCN(CC1)c2ccc(nc2)N3CCN(c4c3cccc4)C(=O)NCCN(C)C,0
71,CS(=O)(=O)N1CCN(CC1)C(=O)CO[C@H]2CC[C@@H](CC2)N3c4c(cccc4)N(CC3)C(=O)N[C@H]5C6C[C@]7(CC5CC(C6)C7)O,0
72,c1ccc2c(c1)CCCN2C(=O)N3CCC(CC3)c4ncon4,0
73,CC(C)(C)N1CCN(CC1)c2ccc(nc2)N3CCN(c4c3cccc4)C(=O)NCCC(=O)N5CCCCC5,0
74,c1ccc2c(c1)C(CCN2C(=O)N3CCC(C3)c4c[nH]nc4)C(=O)O,0
75,c1ccc2c(c1)N(CCO2)C(=O)N3CCC(C3)c4ccc(cc4)Cl,0
76,c1cc2c(cc1)N(CCN2c3ncc(cc3)N4CCN(CC4)S(=O)(=O)CCC(F)(F)F)C(=O)N[C@H]5C6C[C@]7(CC5CC(C6)C7)O,1
77,CN1CCN(c2c1cccc2)C(=O)N3CCC(C3)c4c[nH]nc4,1
78,CCNC(=O)N1CCN(c2c1cccc2)C(=O)N3CCC(C3)c4cccnc4,0
79,COc1ccc(cn1)C2CCN(C2)C(=O)N3CCCc4c3cccc4,0
80,CC(C)(C)N1CCN(CC1)c2ccc(nc2)N3CCN(c4c3cccc4)C(=O)CC5CCOCC5,0
81,CC(C)Oc1ccc(nc1)c2ccc(cc2)N3CCN(c4c3cccc4)C(=O)N5CCC(C5)c6c[nH]nc6,1
82,CN(C(=O)N1CCC(CC1)CN2c3c(cccc3)N(CC2)C(=O)N[C@H]4C5C[C@@]6(CC4CC(C5)C6)O)C,0
83,CC1CCN(CC1)C(=O)N2CCN(c3c2cccc3)c4ccc(cn4)N5CCN(CC5)C(C)(C)C,0
84,CC(=O)Nc1nc(cs1)C2CCN(CC2)C(=O)N3CCCc4c3cccc4,0
85,c1cc(cnc1)C2CCN(C2)C(=O)N3CCOc4c3cc(cc4)CO,0
86,c1ccc(cc1)c2nc(cs2)C3CCN(CC3)C(=O)N4CCCc5c4cccc5,0
87,COCC(N1CCN(CC1)c2cnc(cc2)N3c4c(cccc4)N(CC3)C(=O)N[C@H]5C6C[C@]7(CC5CC(C6)C7)O)COC,1
88,CC1COc2ccccc2N1C(=O)N3CCC(CC3)c4cn(cn4)CCN(C)C,0
89,c1cc2c(cc1)OCCN2C(=O)N[C@H]3C4C[C@@]5(CC3CC(C4)C5)O,0
90,c1cc2c(cc1)OCCN2C(=O)N[C@H]3C4C[C@]5(CC3CC(C4)C5)O,1
91,c1cc(cnc1)C2CCN(C2)C(=O)N3CCCc4c3ccc(c4)C(=O)[O-],0
92,c1ccc2c(c1)N(CCN2C(=O)N3CCC(C3)c4c[nH]nc4)c5ccc(cc5)c6cc(cc(c6)F)F,0
93,c1ccc2c(c1)N(CCN2C(=O)NC3CCCCCCC3)c4ccc(cc4)OCC(=O)NC5CC5,0
94,CC(C)(C)N1CCN(CC1)c2ccc(nc2)N3CCN(c4c3cccc4)C(=O)CCC5CCCC5,0
95,c1cc2c(cc1)N(CCN2c3ccc(cc3)N4CCN(CC4)S(=O)(=O)C5CCNCC5)C(=O)N[C@H]6C7C[C@]8(CC6CC(C7)C8)C(=O)N,1
96,c1ccc2c(c1)CCCN2C(=O)N3[C@@H]4CC[C@H]3C[C@@H](C4)c5ccncc5,1
97,CC(C)(C)N1CCN(CC1)c2ccc(nc2)N3CCN(c4c3cccc4)C(=O)/C=C/c5ccc(c(c5)F)F,0
98,c1ccc2c(c1)CCCN2C(=O)N3CCC(CC3)c4cnn(c4)CC(=O)O,0
99,c1ccc2c(c1)CCCN2C(=O)N3C4CCC3C=C(C4)c5ccc6cc[nH]c6c5,0
100,CCN[C@@]12CC3[C@H](C(C1)CC(C2)C3)NC(=O)N4c5c(cccc5)N(CC4)c6ncc(cc6)N7CCN(CC7)S(=O)(=O)C8CC8,0
101,c1ccc2c(c1)N(CCN2C(=O)NC3C4CC5CC(C4)CC3C5)c6ccc(cc6)OCC(=O)NC7CC7,1
102,CC1COc2ccccc2N1C(=O)N3CCC(CC3)c4cn(cn4)CCO,0
103,c1ccc2c(c1)CCCN2C(=O)N3CCC(C3)c4c[nH]nc4,1
104,c1ccc2c(c1)CCCN2C(=O)N3CCC(C3)c4c[nH]nc4,1
105,c1ccc2c(c1)N(CCN2C(=O)N3CCC(C3)c4c[nH]nc4)C5CCNCC5,0
106,c1cc2c(cc1)N(CCN2c3ncc(cc3)N4CCC5(C(C5)C(=O)O)CC4)C(=O)N[C@H]6C7C[C@]8(CC6CC(C7)C8)C(=O)N,1
107,c1cc(cnc1)C2CCN(CC2)C(=O)N3CCOc4c3ccc(c4)F,0
108,CS(=O)(=O)N1CCN(CC1)c2cnc(cc2)O[C@H]3CC4N(C(C3)CC4)C(=O)N[C@H]5C6C[C@]7(CC5CC(C6)C7)C(=O)N,1
109,CS(=O)(=O)N1CCN(CC1)c2ccc(cc2)N3CC4CCC(C3)N4C(=O)N5CCC(C5)c6c[nH]nc6,1
110,CC(C)(C)N1CCN(CC1)c2ccc(nc2)N3CCN(c4c3cccc4)C(=O)N5CCN6CCCCCC6C5,0
111,c1cc2c(cc1)N(CCN2c3ccc(cc3)N4CCN(CC4)S(=O)(=O)CCO)C(=O)N[C@H]5C6C[C@]7(CC5CC(C6)C7)C(=O)N,1
112,c1ccc2c(c1)N(CCO2)C(=O)N3CCC(C3)c4ccc(cc4)F,0
113,CC(C)(C)N1CCN(CC1)c2ccc(nc2)N3CCN(c4c3cccc4)C(=O)Nc5cccc(c5)c6nncn6C,0
114,c1ccc2c(c1)CCCN2C(=O)N3C4CCC3C=C(C4)c5ccc(nc5F)F,0
115,CC(C)(C)N1CCN(CC1)c2ccc(nc2)N3CCN(c4c3cccc4)C(=O)Nc5ccc6c(c5)C(=O)NC6=O,0
116,CC(C)(C)N1CCN(CC1)c2ccc(nc2)N3CCN(c4c3cccc4)C(=O)N(C)Cc5cccnc5,0
117,c1cc2c(cc1)N(CCN2c3ccc(cc3)Oc4nc(ccn4)C(F)(F)F)C(=O)N[C@H]5C6C[C@]7(CC5CC(C6)C7)O,1
118,c1cc2c(cc1)N(CCN2c3ccc(cc3)N4CCN(CC4)S(=O)(=O)C5CCNCC5)C(=O)N[C@H]6C7C[C@]8(CC6CC(C7)C8)O,1
119,c1cc2c(cc1)N(CCN2c3ccc(cc3)N4CCN(CC4)S(=O)(=O)C5CCNCC5)C(=O)N[C@H]6C7C[C@]8(CC6CC(C7)C8)O,1
120,c1cc2c(cc1)N(CCN2c3ccc(cc3)N4CCN(CC4)S(=O)(=O)C5CCNCC5)C(=O)N[C@H]6C7C[C@]8(CC6CC(C7)C8)O,1
121,c1cc2c(cc1)N(CCN2c3ncc(cc3)N4CCOCC4)C(=O)N[C@H]5C6C[C@]7(CC5CC(C6)C7)C(=O)N,1
122,c1cc2c(cc1)N(CCN2c3ncc(cc3)N4CCOCC4)C(=O)N[C@H]5C6C[C@]7(CC5CC(C6)C7)C(=O)N,1
123,COc1ccc(cc1)c2cnc(nc2)N3c4c(cccc4)N(CC3)C(=O)N[C@H]5C6C[C@]7(CC5CC(C6)C7)OC(=O)N,1
124,c1cc2c(c(c1)Cl)N(CCC2)C(=O)N3CCC(C3)c4cccnc4,1
125,CC(OCCS(=O)(=O)N1CCN(CC1)c2cnc(cc2)N3c4c(cccc4)N(CC3)C(=O)N[C@H]5C6C[C@]7(CC5CC(C6)C7)C(=O)N)C,1
126,c1cc2c(cc1)N(CCN2c3c(cc(cc3)N4CCN(CC4)S(=O)(=O)C5CC5)F)C(=O)N[C@H]6C7C[C@]8(CC6CC(C7)C8)OC(=O)N,0
127,Cc1c(ncc(c1)N2CCN(CC2)S(=O)(=O)C)N3c4c(cccc4)N(CC3)C(=O)N[C@H]5C6C[C@]7(CC5CC(C6)C7)C(=O)N,1
128,CC(C)(C)N1CCN(CC1)c2ccc(nc2)N3CCN(c4c3cccc4)C(=O)/C=C/c5ccccc5,0
129,c1ccc2c(c1)CCCN2C(=O)N3CCC(C3)c4nccs4,0
130,CS(=O)(=O)N1C2CN(CC1CC2)c3ccc(cc3)N4c5c(cccc5)N(CC4)C(=O)N[C@H]6C7C[C@]8(CC6CC(C7)C8)C(=O)N,1
131,c1ccc2c(c1)CCCN2C(=O)N3C4CCC3CC(C4)c5ccccc5C#N,1
132,c1cc2c(cc1)N(CCN2c3ncc(cc3)N4CCN(CC4)C5(CCC5)CO)C(=O)N[C@H]6C7C[C@]8(CC6CC(C7)C8)C(=O)N,1
133,CC(OC1CCN(CC1)c2ccc(cc2)N3c4c(cccc4)N(CC3)C(=O)N[C@H]5C6C[C@]7(CC5CC(C6)C7)C(=O)N)C,1
134,c1ccc2c(c1)N(CCN2C(=O)N3CCC(C3)c4c[nH]nc4)c5ccc(nc5)OC6CCCCC6,1
135,CC1(CCN(c2c1cccc2)C(=O)N3CCC(C3)c4c[nH]nc4)C,1
136,c1ccc2c(c1)CCCC23CCN(C3)C(=O)N4CCCc5c4cccc5,1
137,CS(=O)(=O)NC1CCN(c2c1cccc2)C(=O)N3CCC(C3)c4cccnc4,0
138,c1ccc2c(c1)CCCN2C(=O)N3CCC(CC3)c4cc([nH]n4)c5cccc(c5)C(F)(F)F,0
139,COCCS(=O)(=O)N1CCN(CC1)c2cnc(cc2)N3c4c(cccc4)N(CC3)C(=O)N[C@H]5C6C[C@]7(CC5CC(C6)C7)C(=O)N,1
140,COC(=O)C1(CCC1)N2CCN(CC2)c3cnc(cc3)N4c5c(cccc5)N(CC4)C(=O)N[C@H]6C7C[C@]8(CC6CC(C7)C8)C(=O)N,1
141,c1cc2c(cc1)N(CCN2c3ncc(cc3)N4CCN(CC4)C5CC5)C(=O)N[C@H]6C7C[C@]8(CC6CC(C7)C8)O,1
142,COc1ccc(cn1)C2=CC3CCC(C2)N3C(=O)N4CCCc5c4cccc5,0
143,CC(O/N=C\1/c2c(cccc2)N(CC1)C(=O)N[C@H]3C4C[C@]5(CC3CC(C4)C5)O)(C)C,1
144,CN(C(=O)C1CCN(CC1)C(=O)N2CCCc3c2cccc3)OC,1
145,c1ccc(cc1)c2ccc(cc2)N3CCN(c4c3cccc4)C(=O)N5CCC(C5)c6cccnc6,0
146,Cc1ccc2n1CCN(C2C)C(=O)N3CCN(c4c3cccc4)c5ccc(cn5)N6CCN(CC6)C(C)(C)C,0
147,CC1(CCN(c2c1cc(cc2)OC)C(=O)N3CCC(C3)c4c[nH]nc4)C,1
148,CC(C)(C)N1CCN(CC1)c2ccc(nc2)N3CCN(c4c3cccc4)C(=O)NCC5CC5,0
149,c1ccc2c(c1)NCCN2C(=O)N3CCC(C3)c4cccnc4,1
150,CC(C)CCNC(=O)N1CCN(c2c1cccc2)c3ccc(cn3)N4CCN(CC4)C(C)(C)C,0
151,c1cc2c(cc1)N(CCN2c3ncc(cc3)N4CCN(CC4)[C@@H]5CN[C@@H](C5)C(=O)N6CC(CC6)(F)F)C(=O)N[C@H]7C8C[C@]9(CC7CC(C8)C9)O,1
152,CC(=O)N1CCC(CC1)N2CCN(c3c2cccc3)C(=O)N4CCC(C4)c5c[nH]nc5,0
153,c1cc2c(cc1)N(CCN2c3ncc(cc3)N4CCN(CC4)C5CCOCC5)C(=O)N[C@H]6C7C[C@]8(CC6CC(C7)C8)C(=O)N,1
154,c1ccc2c(c1)CCCN2C(=O)N3C4CCC3C=C(C4)c5ccccc5Cl,1
155,c1ccc2c(c1)cncc2C3=CC4CCC(C3)N4C(=O)N5CCCc6c5cccc6,0
156,c1ccc2cc(ccc2c1)C3=CC4CCC(C3)N4C(=O)N5CCCc6c5cccc6,0
157,CC(C)(C)N1CCN(CC1)c2ccc(nc2)N3CCN(c4c3cccc4)C(=O)/C=C/c5ccc(c(c5)C(F)(F)F)F,0
158,CC(C)(C)N1CCN(CC1)c2ccc(nc2)N3CCN(c4c3cccc4)C(=O)NCCC5CC5,0
159,COc1ccc2c(c1)CCCN2C(=O)N3CCC(C3)c4cccnc4,1
160,c1ccc2c(c1)CCCN2C(=O)N3C[C@H](C[C@H]3CO)c4cccnc4,0
161,CC(C)(C)N1CCN(CC1)c2ccc(nc2)N3CCN(c4c3cccc4)C(=O)N(C)Cc5cccs5,0
162,c1ccc2c(c1)CCCN2C(=O)N3CC[C@@H](C3)c4ccncc4,1
163,c1ccc2c(c1)CCCN2C(=O)N3CC[C@H](C3)c4ccncc4,1
164,c1ccc2c(c1)CCCN2C(=O)N3CCC(C3)c4ccncc4,1
165,c1cc2c(cc1)N(CCN2C(=O)C[C@H](N)Cc3c(cc(c(c3)F)F)F)C(=O)N[C@H]4C5C[C@]6(CC4CC(C5)C6)C(=O)N,0
166,c1cc(cnc1)C2CCN(C2)C(=O)N3CCOCC3,0
167,c1ccc2c(c1)CCCN2C(=O)N3CCC(C3)c4ccc(nc4)C(F)(F)F,0
168,c1cc2c(cc1)N(CCN2c3ncc(cc3)N4CCC(CC4)N5CCCC5)C(=O)N[C@H]6C7C[C@]8(CC6CC(C7)C8)C(=O)N,1
169,c1cc(ncc1C(F)(F)F)N2CCN(CC2)C(=O)N3CCC(C3)c4c[nH]nc4,0
170,CC(N1CCN(CC1)c2cnc(cc2)N3c4c(cccc4)N(CC3)C(=O)N[C@H]5C6C[C@]7(CC5CC(C6)C7)CCO)(C)C,1
171,c1ccc2c(c1)C(CCN2C(=O)N3CCC(C3)c4cccnc4)(C(F)(F)F)O,0
172,CCC(CNC(=O)N1CCN(c2c1cccc2)c3ccc(cn3)N4CCN(CC4)C(C)(C)C)N5CCOCC5,0
173,CC(N1CCN(CC1)c2cnc(cc2)N3c4c(cccc4)N(CC3)C(=O)N[C@H]5C6C[C@]7(CC5CC(C6)C7)C(=O)N)(C(=O)O)C,1
174,c1ccc2c(c1)N(CCN2C(=O)N3CCC(C3)c4c[nH]nc4)c5ccc(cc5)CC(=O)NC6CC6,1
175,Cc1cc(n(n1)CC(C)NC(=O)N2CCN(c3c2cccc3)c4ccc(cn4)N5CCN(CC5)C(C)(C)C)C,0
176,c1cc2c(cc1)N(CCN2c3ncc(cc3)N4CCC(CC4)C(=O)O)C(=O)N[C@H]5C6C[C@]7(CC5CC(C6)C7)C(=O)N,1
177,C[Si](c1ccc(cc1)c2cnc(cc2)O[C@H]3CC4N(C(C3)CC4)C(=O)N[C@H]5C6C[C@]7(CC5CC(C6)C7)C(=O)N)(C)C,1
178,c1cc2c(cc1)N(CCN2c3ncc(cc3)N4CCN(CC4)S(=O)(=O)CC(F)(F)F)C(=O)N[C@H]5C6C[C@]7(CC5CC(C6)C7)O,1
179,C[Si]1(CCN(CC1)c2cnc(cc2)N3c4c(cccc4)N(CC3)C(=O)N[C@H]5C6C[C@]7(CC5CC(C6)C7)C(=O)N)C,1
180,c1ccc(cc1)Oc2ncc(cn2)N3CCN(c4c3cccc4)C(=O)N5CCC(C5)c6c[nH]nc6,1
181,COc1ccccc1c2ccc(cn2)N3CCN(c4c3cccc4)C(=O)N5CCC(C5)c6c[nH]nc6,1
182,c1cc2c(cc1)N(CCN2c3ncc(cc3)N4CCN(CC4)CC[C@H](N)Cc5c(cc(c(c5)F)F)F)C(=O)N[C@H]6C7C[C@]8(CC6CC(C7)C8)C(=O)N,1
183,c1ccc2c(c1)N(CCN2C(=O)N3CCC(C3)(c4ccn[nH]4)O)Cc5ccc(cc5)C#N,0
184,CC(N1CCN(CC1)c2cnc(cc2)N3c4c(cccc4)N(CC3)C(=O)N[C@H]5C6C[C@]7(CC5CC(C6)C7)C(=O)N)(C(=O)N8CCCC8)C,1
185,CC(OC(=O)N1[C@@H](C[C@@H](C1)N2CCN(CC2)c3cnc(cc3)N4c5c(cccc5)N(CC4)C(=O)N[C@H]6C7C[C@]8(CC6CC(C7)C8)O)C(=O)N9CC(CC9)(F)F)(C)C,1
186,c1ccc(cc1)C2CC3CCC(C2)N3C(=O)N4CCCc5c4cccc5,1
187,c1ccc(cc1)C2CC3CCC(C2)N3C(=O)N4CCCc5c4cccc5,1
188,c1ccc2c(c1)CCCN2C(=O)N3C4CCC3C=C(C4)c5ccsc5,0
189,c1cc(cnc1)C2CCN(C2)C(=O)N3CCN(CC3)Cc4ccc(cc4)C(=O)N,0
190,c1ccc2c(c1)CCCN2C(=O)N3CCCC3c4cccnc4,0
191,c1ccc(cc1)C2(CCN(CC2)C(=O)N3CCCc4c3cccc4)C(=O)N,0
192,c1cc2c(cc1)N(CCN2C3CCC(CC3)NCC(=O)N4CCOCC4)C(=O)N[C@H]5C6C[C@]7(CC5CC(C6)C7)O,0
193,Cc1ccc2c(n1)N(CCO2)C(=O)Nc3ccccc3,0
194,CC(N1CCN(CC1)c2cnc(cc2)OC[C@H]3CC4N(C(C3)CC4)C(=O)N[C@H]5C6C[C@]7(CC5CC(C6)C7)C(=O)N)(C)C,1
195,CC(N1CCN(CC1)c2cnc(cc2)OC[C@H]3CC4N(C(C3)CC4)C(=O)N[C@H]5C6C[C@]7(CC5CC(C6)C7)C(=O)N)(C)C,1
196,CC(C)(C)N1CCN(CC1)c2ccc(nc2)N3CCN(c4c3cccc4)C(=O)N5CCCC6(C5)CCCN(C6)C,0
197,c1ccc2c(c1)CCCN2C(=O)N3CCC(CC3)c4nc(no4)c5c(cccc5Cl)Cl,0
198,Cc1c(cnc(c1)N2c3c(cccc3)N(CC2)C(=O)N[C@H]4C5C[C@]6(CC4CC(C5)C6)C(=O)N)N7CCN(CC7)S(=O)(=O)C,1
199,Cc1nnc(n1C2CCN(CC2)C(=O)N3CCN(c4c3cccc4)c5ccc(cn5)N6CCN(CC6)C(C)(C)C)C,0
200,CC1CCc2ccccc2N1C(=O)N3CCC(CC3)c4ccncc4,0
201,c1ccc2c(c1)/C(=N/OCC(=O)N3CCOCC3)/CCN2C(=O)N4CCC(C4)c5c[nH]nc5,0
202,CC(C)(C)N1CCN(CC1)c2ccc(nc2)N3CCN(c4c3cccc4)C(=O)Nc5cccc6c5ncn6C,0
203,CC(C)(C)N1CCN(CC1)c2ccc(nc2)N3CCN(c4c3cccc4)C(=O)NCC5c6ccccc6NC5=O,0
204,c1cc2c(cc1)N(CCN2c3ncc(cc3)N4CCN(CC4)CCC(F)(F)F)C(=O)N[C@H]5C6C[C@]7(CC5CC(C6)C7)C(=O)N,1
205,c1ccc2c(c1)NCCN2C(=O)N3CCNc4c3cccc4,0
206,CS(=O)(=O)N1CCN(CC1)c2ccc(cc2)N3CCN(c4c3cccc4)C(=O)N5CCC6(C5)CCNC6,0
207,CC(C)(C)N1CCN(CC1)c2ccc(nc2)N3CCN(c4c3cccc4)C(=O)CCCc5ccccc5,0
208,c1cc2c(cc1)N(CCN2c3ncc(cc3)N4CCC(CC4)OCC(=O)O)C(=O)N[C@H]5C6C[C@]7(CC5CC(C6)C7)C(=O)N,1
209,c1ccc(cc1)C(CCO)NC(=O)N2CCN(c3c2cccc3)c4ccc(cc4)OCC(=O)NC5CC5,0
210,c1cc(c2c(c1)N(CCO2)C(=O)N[C@H]3C4C[C@]5(CC3CC(C4)C5)O)O,1
211,COC(=O)c1ccc2c(c1)CCCN2C(=O)N3CCC(C3)c4cccnc4,1
212,CS(=O)(=O)N1CCN(CC1)c2cnc(cc2)N3c4c(cccc4)N(CC3)C(=O)N[C@H]5C6C[C@]7(CC5CC(C6)C7)C(=O)N,1
213,c1ccc2c(c1)CCCN2C(=O)N3C4CCC3C=C(C4)c5ccnc(c5)Cl,0
214,CC(C)(C)N1CCN(CC1)c2ccc(nc2)N3CCN(c4c3cccc4)C(=O)Nc5ccc6c(c5)NC(=O)CO6,0
215,c1cc2c(cc1)N(CCN2c3ncc(cc3)N4CCN(CC4)S(=O)(=O)CC5CC5)C(=O)N[C@H]6C7C[C@]8(CC6CC(C7)C8)O,1
216,CC(=O)NNC(=O)[C@@]12CC3[C@H](C(C1)CC(C2)C3)NC(=O)N4c5c(cccc5)N(CC4)c6ncc(cc6)N7CCN(CC7)S(=O)(=O)C8CC8,0
217,c1ccc2c(c1)N(CCO2)C(=O)N3CCC(CC3)C4CCCNC4,0
218,CC(C)(C)N1CCN(CC1)c2ccc(nc2)N3CCN(c4c3cccc4)C(=O)Nc5cccc(c5)NC(=O)C6CC6,0
219,Cc1cc(ccc1NC(=O)N2CCN(c3c2cccc3)c4ccc(cn4)N5CCN(CC5)C(C)(C)C)C(=O)N,0
220,CC(N1CCC(CC1)Oc2cnc(cc2)N3c4c(cccc4)N(CC3)C(=O)N[C@H]5C6C[C@]7(CC5CC(C6)C7)C(=O)N)(C)C,1
221,CC(Oc1cnc(cc1)c2ccc(cc2)N3c4c(cccc4)N(CC3)C(=O)N[C@H]5C6C[C@]7(CC5CC(C6)C7)C(=O)N)C,1
222,CS(=O)(=O)N1CCN(CC1)c2ccc(cc2)N3c4c(cccc4)N(CC3)C(=O)N[C@H]5C6C[C@@]7(CC5CC(C6)C7)C(=O)N,0
223,CS(=O)(=O)N1CCN(CC1)c2ccc(cc2)N3c4c(cccc4)N(CC3)C(=O)N[C@H]5C6C[C@@]7(CC5CC(C6)C7)C(=O)N,0
224,CS(=O)(=O)N1CCN(CC1)c2ccc(cc2)N3c4c(cccc4)N(CC3)C(=O)N[C@H]5C6C[C@]7(CC5CC(C6)C7)C(=O)N,1
225,CS(=O)(=O)N1CCN(CC1)c2ccc(cc2)N3c4c(cccc4)N(CC3)C(=O)N[C@H]5C6C[C@]7(CC5CC(C6)C7)C(=O)N,1
226,CC(C)N1CCN(CC1)C(=O)CN2CCC(C2)N3CCN(c4c3cccc4)C(=O)N5CCC(C5)c6c[nH]nc6,0
227,c1cc2c(cc1)N(CCN2c3ncc(cc3)N4CCC(CC4)NCC(=O)N5[C@@H](CCC5)C#N)C(=O)N[C@H]6C7C[C@]8(CC6CC(C7)C8)O,1
228,CC(C)(C)N1CCN(CC1)c2ccc(nc2)N3CCN(c4c3cccc4)C(=O)NCCc5ccccc5,0
229,c1cc2c(cc1)N(CCN2c3ncc(cn3)c4ccc(cc4)O)C(=O)N[C@H]5C6C[C@]7(CC5CC(C6)C7)O,1
230,CS(=O)(=O)N1CCN(c2c1cccc2)C(=O)N3CCC(C3)c4cccnc4,0
231,c1cc2c(cc1)N(CCN2c3ncc(cc3)N4CCC(CC4)N5CCCC5)C(=O)N[C@H]6C7C[C@]8(CC6CC(C7)C8)O,1
232,COc1ccc(cc1)c2cnc(nc2)N3c4c(cccc4)N(CC3)C(=O)N[C@H]5C6C[C@]7(CC5CC(C6)C7)O,1
233,COc1ccc(cc1)c2cnc(nc2)N3c4c(cccc4)N(CC3)C(=O)N[C@H]5C6C[C@@]7(CC5CC(C6)C7)O,0
234,c1ccc2c(c1)CCCN2C(=O)N3[C@@H]4CC[C@H]3CC(C4)c5cccnc5,1
235,CCOC(=O)C1(CCN(CC1)c2cnc(cc2)N3c4c(cccc4)N(CC3)C(=O)N[C@H]5C6C[C@]7(CC5CC(C6)C7)C(=O)N)C,1
236,CC(CNC(=O)N1CCN(c2c1cccc2)c3ccc(cn3)N4CCN(CC4)C(C)(C)C)n5cncn5,0
237,CC1(CCN(c2c1cccc2)C(=O)N3CCC(C3)c4cccnc4)C,1
238,c1ccc(cc1)COCCO/N=C\2/c3c(cccc3)N(CC2)C(=O)N[C@H]4C5C[C@]6(CC4CC(C5)C6)O,1
239,CN1CCN(c2c1cccc2)C(=O)N3CCC(C3)c4cccnc4,1
240,CS(=O)(=O)N1CCN(CC1)c2ccc(cc2)[C@]3(CC4N(C(C3)CC4)C(=O)N5CC(CC5)c6cn[nH]c6)O,1
241,CC(C)(C)N1CCN(CC1)c2ccc(nc2)N3CCN(c4c3cccc4)C(=O)/C=C/c5cccc(c5)C(F)(F)F,0
242,c1ccc2c(c1)CCCN2C(=O)N3C4CCC3C=C(C4)c5ccc6c(c5)OCCO6,0
243,c1ccc2c(c1)N(CCN2C(=O)NC3C4CC5CC(C4)CC3C5)c6nc(cs6)c7ccc(cc7)C(=O)N8CCOCC8,0
244,c1ccc(c(c1)C2CCN(C2)C(=O)N3CCOc4c3cc(cc4)Cl)C(F)(F)F,1
245,CNC(=O)[C@@]12CC3[C@H](C(C1)CC(C2)C3)NC(=O)N4c5c(cccc5)N(CC4)c6ccc(cc6)N7CCN(CC7)S(=O)(=O)C,0
246,c1cc2c(c(c1)O)N(CCC2)C(=O)N3CCC(C3)c4cccnc4,0
247,CS(=O)(=O)N1CCN(CC1)c2ccc(cc2)N3CCN(c4c3cccc4)C(=O)NC5CCc6c(c[nH]n6)C5,0
248,c1cc2c(cc1)N(CCN2c3ncc(cn3)c4ccc(cc4)OC5CCNCC5)C(=O)N[C@H]6C7C[C@]8(CC6CC(C7)C8)C(=O)N,1
249,CC1CCc2ccccc2N1C(=O)N3CCC(CC3)c4cn(cn4)CCO,0
250,CS(=O)(=O)N1CCN(CC1)c2ccc(cc2)N3CCN(c4c3cccc4)C(=O)NC56CCC(CC5)(CC6)F,0
251,CC(C)(C)CCNC(=O)N1CCN(c2c1cccc2)c3ccc(cn3)N4CCN(CC4)C(C)(C)C,0
252,c1cc2c(cc1)N(CCN2c3ncc(cc3)N4CCC(CC4)CC(=O)O)C(=O)N[C@H]5C6C[C@]7(CC5CC(C6)C7)C(=O)N,1
253,c1ccc2c(c1)N(CCO2)C(=O)N3CCC(C3)C4=NNC(=O)C4,0
254,c1ccc2c(c1)CCCN2C(=O)N3C4CCC3C=C(C4)c5ccccc5C#N,1
255,CCCCc1c(nc[nH]1)C2CCN(CC2)C(=O)N3c4ccccc4OCC3C,0
256,c1cc(ccc1C#N)C(=O)N2CCN(CC2)C(=O)N3CCC(C3)c4c[nH]nc4,0
257,c1ccc(cc1)[C@H](CO)NC(=O)N2CCN(c3c2cccc3)c4ccc(cc4)OCC(=O)NC5CC5,0
258,c1ccc(cc1)[C@@H](CO)NC(=O)N2CCN(c3c2cccc3)c4ccc(cc4)OCC(=O)NC5CC5,0
259,c1ccc2c(c1)N(CCN2C(=O)N3CCC(C3)c4c[nH]nc4)CCCN5CCOCC5,0
260,CN1CCC(CC1)Oc2ccc(cc2)c3cnc(nc3)N4CCN(c5c4cccc5)C(=O)N6CCC(C6)c7c[nH]nc7,1
261,c1ccc2c(c1)N(CCN2C(=O)N3CCC(C3)c4c[nH]nc4)c5ccc(cc5)C(c6ccc(cc6)C(=O)N7CCOCC7)O,1
262,CC(C)(C)N1CCN(CC1)c2ccc(nc2)N3CCN(c4c3cccc4)C(=O)NCC(c5cccs5)N6CCOCC6,0
263,CC(C)N1CCN(CC1)C(=O)c2csc(n2)N3CCN(c4c3cccc4)C(=O)N5CCC(C5)c6c[nH]nc6,0
264,CC(C)(C)C(=O)N1CCN(c2c1cccc2)c3ccc(cn3)N4CCN(CC4)C(C)(C)C,0
265,CC1COc2ccccc2N1C(=O)N3CCC(CC3)c4cn(cn4)CCOC,0
266,CS(=O)(=O)N1CCN(CC1)c2ccc(cc2)C3CC4CCC(C3)N4C(=O)N5CCC(C5)c6c[nH]nc6,1
267,CS(=O)(=O)N1CCN(CC1)c2ccc(cc2)C3CC4CCC(C3)N4C(=O)N5CCC(C5)c6c[nH]nc6,1
268,c1ccc2c(c1)N(CCO2)C(=O)N3CCC(CC3)c4cc(cnc4)F,0
269,CS(=O)(=O)N1CCN(CC1)c2ccc(cc2)O[C@H]3CC4N(C(C3)CC4)C(=O)N[C@H]5C6C[C@]7(CC5CC(C6)C7)C(=O)N,1
270,c1cc2c(cc1)N(CCN2c3ncc(cc3)N4CCN(CC4)CC[C@H](N)Cc5c(cc(c(c5)F)F)F)C(=O)N[C@H]6C7C[C@]8(CC6CC(C7)C8)O,1
271,COc1ccc(cc1)c2cnc(nc2)N3CCN(c4c3cccc4)C(=O)NC5C6CC7CC(C6)CC5C7,1
272,c1ccc2c(c1)N(CCN2C(=O)N3[C@@H]4CC[C@H]3C[C@@H](C4)CO)c5ccc(cc5)OCC(=O)NC6CC6,0
273,CS(=O)(=O)N1CCN(CC1)c2ccc(cc2)N3CCN(c4c3cccc4)C(=O)N(CCO)Cc5ccc6c(c5)OCO6,0
274,CC(C)(C)N1CCN(CC1)c2ccc(nc2)N3CCN(c4c3cccc4)C(=O)N5CCc6c(ccs6)C5,0
275,CC(C)(C)N1CCN(CC1)c2ccc(nc2)N3CCN(c4c3cccc4)C(=O)NCC(C)(C)N5CCCC5,0
276,CC(N1CCC(CC1)c2cnc(cc2)N3c4c(cccc4)N(CC3)C(=O)N[C@H]5C6C[C@]7(CC5CC(C6)C7)C(=O)N)(C)C,1
277,c1ccc(cc1)O/N=C/2\CCN(c3c2cccc3)C(=O)N4CCC(C4)c5c[nH]nc5,0
278,c1cc2c(cc1)N(CCN2c3ncc(cc3)N4CCN(CC4)S(=O)(=O)C5CC5)C(=O)N[C@H]6C7C[C@]8(CC6CC(C7)C8)CCO,1
279,CC(N1CCN(CC1)c2cnc(c(c2)F)N3c4c(cccc4)N(CC3)C(=O)N[C@H]5C6C[C@]7(CC5CC(C6)C7)C(=O)N)(C)C,1
280,c1ccc2c(c1)CCCN2C(=O)N3CCC4(CC3)c5ccccc5CC4=O,1
281,COc1cccc(c1)C2=CC3CCC(C2)N3C(=O)N4CCCc5c4cccc5,0
282,CS(=O)(=O)N1CCN(CC1)c2ccc(cc2)N3c4c(cccc4)N(CC3)C(=O)N[C@H]5C6C[C@]7(CC5CC(C6)C7)C(=O)NCCO,0
283,c1cc2c(cc1)N(CCN2c3ncc(cc3)N4CCN(CC4)S(=O)(=O)C(F)(F)F)C(=O)N[C@H]5C6C[C@]7(CC5CC(C6)C7)O,1
284,CC(=O)N1CCN(CC1)C(=O)N2CCN(c3c2cccc3)c4ccc(cn4)N5CCN(CC5)C(C)(C)C,0
285,CC(S(=O)(=O)N1CCN(CC1)c2cnc(cc2)N3c4c(cccc4)N(CC3)C(=O)N[C@H]5C6C[C@]7(CC5CC(C6)C7)C(=O)N)C,1
286,Cc1c(cccn1)C2CCN(C2)C(=O)N3CCOc4c3cccc4,1
287,c1ccc2c(c1)N(CCN2C(=O)N3CCC(C3)c4c[nH]nc4)c5ccc(cc5)c6ccccn6,1
288,Cc1c(c(on1)C)CCNC(=O)N2CCN(c3c2cccc3)c4ccc(cn4)N5CCN(CC5)C(C)(C)C,0
289,c1ccc2c(c1)C(CCN2C(=O)N3CCC(C3)c4cnn(c4)C(F)F)O,0
290,CC1COc2ccccc2N1C(=O)N3CCC(CC3)c4c([nH]cn4)C(C)C,0
291,c1cc2c(cc1)N(CCN2c3ccc(cc3)c4ncc(cc4)CO)C(=O)N[C@H]5C6C[C@]7(CC5CC(C6)C7)C(=O)N,1
292,c1ccc2c(c1)N(CCN2C(=O)NC3CCCCCC3)c4ccc(cc4)OCC(=O)NC5CC5,0
293,CS(=O)(=O)N1CCN(CC1)c2ccc(cc2)OC[C@]3(CC4N(C(C3)CC4)C(=O)N5CC(CC5)c6cn[nH]c6)O,1
294,CS(=O)(=O)N1CCN(CC1)c2ccc(cc2)N3c4c(cccc4)N(CC3)C(=O)N[C@H]5C6C[C@]7(CC5CC(C6)C7)F,0
295,CC(C)(C)N1CCN(CC1)c2ccc(nc2)N3CCN(c4c3cccc4)C(=O)NC5CCN(CC5)CC(F)(F)F,0
296,COc1ccc(cc1)c2cnc(nc2)N3CCN(c4c3cccc4)C(=O)N5CCC(C5)c6c[nH]nc6C#C[Si](C)(C)C,0
297,CC1CCc2ccccc2N1C(=O)N3CCC(CC3)c4cn(cn4)CCC(=O)O,0
298,c1ccc2c(c1)N(CCN2C(=O)N3CCC(C3)c4c[nH]nc4)c5cccc(c5)C(=O)NC6CCS(=O)(=O)C6,1
299,CCS(=O)(=O)N1CCN(CC1)c2ccc(cc2)N3c4c(cccc4)N(CC3)C(=O)N[C@H]5C6C[C@]7(CC5CC(C6)C7)C(=O)N,1
300,c1cc(cnc1)C2CCN(CC2)C(=O)N3CCOc4c3cc(cc4)F,0
301,CC(=O)NCc1cccc(c1)N2CCN(CC2)C(=O)N3CCC(C3)c4c[nH]nc4,0
302,c1ccc2c(c1)N(CCO2)C(=O)N3CCC(C3)c4cccnc4C#N,1
303,CS(=O)(=O)N1CCN(CC1)c2ccc(cc2)N3CCN(c4c3cccc4)C(=O)N5CCCCC5CCN6CCOCC6,0
304,CCCC(=O)N1CCN(c2c1cccc2)c3ccc(cn3)N4CCN(CC4)C(C)(C)C,0
305,c1cc2c(cc1)N(CCN2c3ncc(cc3)N4CCN(CC4)S(=O)(=O)C5CC5)C(=O)N[C@H]6C7C[C@]8(CC6CC(C7)C8)CO,1
306,c1cc2c(cc1)N(CCN2c3ncc(cc3)N4CCN(CC4)CC(=O)N5[C@@H](CCC5)C#N)C(=O)N[C@H]6C7C[C@]8(CC6CC(C7)C8)O,1
307,c1cc(cnc1)C2CCN(C2)C(=O)N3CCCc4c3cc(cc4)C(F)(F)F,1
308,CC(N1CCN(CC1)c2cnc(cc2)N3c4c(cccc4)N(CC3)C(=O)N[C@H]5C6C[C@]7(CC5CC(C6)C7)NS(=O)(=O)C)(C)C,1
309,c1cc2c(cc1)N(CCN2c3ccc(cc3)N4CCN(CC4)S(=O)(=O)C5CC5)C(=O)N[C@H]6C7C[C@]8(CC6CC(C7)C8)C(=O)N,1
310,c1cc2c(cc1)N(CCN2c3ccc(cc3)N4CCN(CC4)S(=O)(=O)C5CC5)C(=O)N[C@H]6C7C[C@]8(CC6CC(C7)C8)C(=O)N,1
311,COCCS(=O)(=O)N1CCN(CC1)c2cnc(cc2)N3c4c(cccc4)N(CC3)C(=O)N[C@H]5C6C[C@]7(CC5CC(C6)C7)O,1
312,c1ccc2c(c1)CCCN2C(=O)N3C4CCC3C=C(C4)c5ccoc5,0
313,c1cc2c(cc1)N(CCN2c3ccc(cc3)N4CCNCC4)C(=O)N[C@H]5C6C[C@]7(CC5CC(C6)C7)C(=O)N,1
314,c1cc2c(cc1)N(CCN2c3ccc(cc3)N4CCNCC4)C(=O)N[C@H]5C6C[C@@]7(CC5CC(C6)C7)C(=O)N,0
315,CS(=O)(=O)N1CCN(CC1)c2ccc(cc2)N3CCN(c4c3cccc4)C(=O)N5CCn6cnnc6C5,0
316,COCCN1CCN(CC1)c2cnc(cc2)N3c4c(cccc4)N(CC3)C(=O)N[C@H]5C6C[C@]7(CC5CC(C6)C7)C(=O)N,1
317,CC(C)(C)N1CCN(CC1)c2ccc(nc2)N3CCN(c4c3cccc4)C(=O)/C=C/c5cc(c(c(c5)F)F)F,0
318,c1ccc2c(c1)CCCN2C(=O)N3CCC(CC3)c4cc([nH]n4)c5ccc(cc5)Cl,0
319,CS(=O)(=O)N1CCN(CC1)c2ccc(cc2)N3CCN(c4c3cccc4)C(=O)N5C[C@@H]6C[C@H]5CN6,0
320,Cc1nnc(o1)C2CCN(CC2)C(=O)N3CCCc4c3cccc4,0
321,CS(=O)(=O)N1CCN(CC1)c2ccc(cc2)N3CCN(c4c3cccc4)C(=O)N5CCC6(C5)CCCNC6,0
322,CS(=O)(=O)N1CCN(CC1)[C@H]2CC[C@@H](CC2)N3c4c(cccc4)N(CC3)C(=O)N[C@H]5C6C[C@]7(CC5CC(C6)C7)O,0
323,CS(=O)(=O)N1CCN(CC1)[C@H]2CC[C@H](CC2)N3c4c(cccc4)N(CC3)C(=O)N[C@H]5C6C[C@]7(CC5CC(C6)C7)O,0
324,c1ccc2c(c1)CCCN2C(=O)N3C4CCC3C=C(C4)c5ccccc5C(F)(F)F,1
325,C[Si](CN1CCN(CC1)c2cnc(cc2)N3c4c(cccc4)N(CC3)C(=O)N[C@H]5C6C[C@]7(CC5CC(C6)C7)O)(C)C,1
326,c1ccc2c(c1)CCCN2C(=O)N3C4CCC3C=C(C4)c5ccc(nc5)F,0
327,C=C1CCN(CC1)c2cnc(cc2)N3c4c(cccc4)N(CC3)C(=O)N[C@H]5C6C[C@]7(CC5CC(C6)C7)C(=O)N,1
328,COC(=O)c1ccccc1C2CCN(C2)C(=O)N3CCOc4c3cccc4,0
329,c1cc2c(cc1)N(CCN2c3ccc(cc3)N4CCC(CC4)OC5CCNCC5)C(=O)N[C@H]6C7C[C@]8(CC6CC(C7)C8)O,1
330,CC(C)(C)N1CCN(CC1)c2ccc(nc2)N3CCN(c4c3cccc4)C(=O)NCc5cccnc5n6ccnc6,0
331,CC(C)(C)N1CCN(CC1)c2ccc(nc2)N3CCN(c4c3cccc4)C(=O)N5CCN(CC5)c6cnccn6,0
332,CC(C)(C)N1CCN(CC1)c2ccc(nc2)N3CCN(c4c3cccc4)C(=O)N5CCC(CC5)c6ccncc6,0
333,c1ccc2c(c1)CCCN2C(=O)N3CCC(C3)c4cc(cnc4)C(F)(F)F,0
334,COC(=O)c1ccc(cn1)C2CCN(C2)C(=O)N3CCCc4c3cccc4,0
335,c1ccc2c(c1)NC(=O)CN2C(=O)N3CCC(C3)c4cccnc4,0
336,c1cc(cc(c1)N2CCN(CC2)C(=O)N3CCC(C3)c4c[nH]nc4)CC(=O)NC5CC5,0
337,c1ccc2c(c1)NCCN2C(=O)N3CCC(C4C3CCCC4)O,0
338,Cc1ccccc1/C=C/C(=O)N2CCN(c3c2cccc3)c4ccc(cn4)N5CCN(CC5)C(C)(C)C,0
339,COc1cc(ncn1)Oc2ccc(cc2)N3CCN(c4c3cccc4)C(=O)N5CCC(C5)c6c[nH]nc6,1
340,c1cc2c(cc1)N(CCN2c3ncc(cc3)C(F)(F)F)C(=O)N[C@H]4C5C[C@]6(CC4CC(C5)C6)C(=O)N,1
341,c1ccc2c(c1)CCCN2C(=O)N3CCC(CC3)C(=O)NCc4cccc(c4Cl)Cl,0
342,CO/N=C\1/c2c(cccc2)N(CC1)C(=O)N[C@H]3C4C[C@]5(CC3CC(C4)C5)O,1
343,CC(=O)Nc1cccc(c1)C2=CC3CCC(C2)N3C(=O)N4CCCc5c4cccc5,0
344,c1ccc2c(c1)N(CCO2)C(=O)N3CCC(C3)c4cccnc4C(F)(F)F,1
345,c1ccc2c(c1)N(CCN2C(=O)NC3C4CC5CC3CC(C5)(C4)O)c6ccc(cc6)OCC(=O)NC7CC7,0
346,c1ccc2c(c1)N(CCN2C(=O)NC3C4CC5CC3CC(C5)(C4)O)c6ccc(cc6)OCC(=O)NC7CC7,1
347,CC(c1ccc(cc1)NC(=O)N2CCN(c3c2cccc3)c4ccc(cc4)N5CCN(CC5)S(=O)(=O)C)(C(F)(F)F)O,0
348,CC(C(=O)N1CCN(CC1)c2cnc(cc2)N3c4c(cccc4)N(CC3)C(=O)N[C@H]5C6C[C@]7(CC5CC(C6)C7)O)(C)C,1
349,CN(C)C(=O)N1CCN(c2c1cccc2)C(=O)N3CCC(C3)c4cccnc4,0
350,c1cc2c(cc1)N(CCN2c3c(cc(cc3)N4CCN(CC4)S(=O)(=O)C5CC5)F)C(=O)N[C@H]6C7C[C@]8(CC6CC(C7)C8)C(=O)N,1
351,CC(N1CCN(CC1)c2cnc(cc2)N3c4c(ccc(c4)Cl)N(CC3)C(=O)N[C@H]5C6C[C@]7(CC5CC(C6)C7)O)(C)C,1
352,CC(C)(C)N1CCN(CC1)c2ccc(nc2)N3CCN(c4c3cccc4)C(=O)NC5CCCc6c5cnn6C,0
353,CCOc1ccc(nc1)c2ccc(cc2)N3CCN(c4c3cccc4)C(=O)N5CCC(C5)c6c[nH]nc6,1
354,c1cc2c(cc1)N(CCN2c3ncc(cc3)N4C5CN(C(C4)C5)S(=O)(=O)C6CC6)C(=O)N[C@H]7C8C[C@]9(CC7CC(C8)C9)O,1
355,c1cc2c(cc1)N(CCN2c3ncc(cc3)N4CCN(CC4)C(=O)C[C@H](N)Cc5c(cc(c(c5)F)F)F)C(=O)N[C@H]6C7C[C@]8(CC6CC(C7)C8)O,1
356,c1ccc2c(c1)CCCN2C(=O)N3CCC(CC3)C#N,0
357,c1cc2c(cc1F)OCCN2C(=O)N3CCC(CC3)c4c[nH]cn4,0
358,c1ccc2c(c1)CCCN2C(=O)N3CCC(CC3)c4ccncc4,0
359,CC1=Nc2ccccc2C13CCN(CC3)C(=O)N4CCCc5c4cccc5,1
360,COc1ccnc(n1)Oc2ccc(cc2)N3CCN(c4c3cccc4)C(=O)N5CCC(C5)c6c[nH]nc6,1
361,CC(C)(C)N1CCN(CC1)c2ccc(nc2)N3CCN(c4c3cccc4)C(=O)/C=C/c5cccc(c5)OC,0
362,c1ccc2c(c1)N(CCN2C(=O)N3CCC(C3)c4c[nH]nc4)C(=O)c5ccc(cc5)C#N,0
363,c1cc2c(cc1)N(CCN2c3ncc(cc3)N4CCC(CC4)N5[C@H](CCC5)CO)C(=O)N[C@H]6C7C[C@]8(CC6CC(C7)C8)C(=O)N,1
364,c1cc2c(cc1)N(CCN2c3ncc(cc3)N4CCC(CC4)N5[C@@H](CCC5)CO)C(=O)N[C@H]6C7C[C@]8(CC6CC(C7)C8)C(=O)N,1
365,c1ccc2c(c1)N(CCN2C(=O)N3CCC(C3)c4c[nH]nc4)Cc5ccc(cc5)C#N,1
366,c1c(ccc(c1)O[C@H]2CC3N(C(C2)CC3)C(=O)N[C@H]4C5C[C@]6(CC4CC(C5)C6)O)C#N,1
367,c1c(ccc(c1)O[C@H]2CC3N(C(C2)CC3)C(=O)N[C@H]4C5C[C@]6(CC4CC(C5)C6)O)C#N,1
368,c1ccc2c(c1)N(CCN2C(=O)N3CCC(CC3)O)c4ccc(cc4)OCC(=O)NC5CC5,0
369,CC(CN1CCN(CC1)c2cnc(cc2)N3c4c(cccc4)N(CC3)C(=O)N[C@H]5C6C[C@]7(CC5CC(C6)C7)C(=O)N)C,1
370,c1ccc2c(c1)N(CCN2C(=O)N3CCC(C3)c4c[nH]nc4)c5ccc(cc5)Oc6c7c(ccs7)ncn6,1
371,c1ccc2c(c1)N(CCN2C(=O)N3CCC(C3)c4c[nH]nc4)C5CCNC5,0
372,CS(=O)(=O)N1CCN(CC1)c2ccc(cc2)N3CCN(c4c3cccc4)C(=O)NC56CCC(CC5)(CC6)O,0
373,c1ccc2c(c1)N(CCN2C(=O)N3CCC(C3)c4c[nH]nc4)Cc5ccc(cc5)C(=O)O,0
374,c1cc2c(cc1)N(CCN2c3ncc(cc3)N4CCN(CC4)CC5CC5)C(=O)N[C@H]6C7C[C@]8(CC6CC(C7)C8)C(=O)N,1
375,c1ccc2c(c1)CCCN2C(=O)N3C4CCC3C=C(C4)c5ccccc5C(=O)N,0
376,c1cc(cnc1)C2CCN(C2)C(=O)N3CCN(CC3)Cc4ccc(cc4)C#N,0
377,CC1CCc2ccccc2N1C(=O)N3CCC(CC3)c4cn(cn4)CCN5CCCCC5,0
378,C[C@@H]1CN(CCN1C(=O)N2CCC(CC2)c3c[nH]nc3)c4ncc(cn4)c5ccc(cc5)OC,0
379,c1cc(cnc1)C2CCN(C2)C(=O)N3CCOc4c3cc(cc4)C(=O)N,0
380,c1cc(cnc1)C2CCN(C2)C(=O)N3CCCc4c3ccc(c4)Br,1
381,c1ccc2c(c1)NCCN2C(=O)N3CCC(C3)c4c[nH]nc4,1
382,c1ccc2c(c1)NCCN2C(=O)N3CCC(C3)c4c[nH]nc4,1
383,c1cc2c(cc1)N(CCN2c3ncc(cc3)N4CCN(CC4)S(=O)(=O)C5CC5)C(=O)N[C@H]6C7C[C@]8(CC6CC(C7)C8)CN,1
384,CC(C)(C)OC(=O)N1CCC(C1)N2CCN(c3c2cccc3)C(=O)N4CCC(C4)c5c[nH]nc5,1
385,COC(=O)N1CCN(CC1)C(=O)c2cccc3c2OCCN3C(=O)N4CCC(C4)c5c[nH]nc5,0
386,c1ccc2c(c1)CCCN2C(=O)N3CCC(CC3)c4ccccn4,0
387,CC1CCc2ccccc2N1C(=O)N3CCC(CC3)c4cn(cn4)CCN(C)C,0
388,c1cc(ccc1C#N)O[C@H]2C[C@H]3CC[C@@H](C2)N3C(=O)N4CCC(C4)c5c[nH]nc5,1
389,c1cc(ccc1C#N)O[C@@H]2C[C@H]3CC[C@@H](C2)N3C(=O)N4CCC(C4)c5c[nH]nc5,1
390,Cc1nnc(n1C)C2CCN(CC2)C(=O)N3CCCc4c3cccc4,0
391,c1cc(ncc1)Oc2ccc(cc2)C3CC4N(C(C3)CC4)C(=O)N[C@H]5C6C[C@]7(CC5CC(C6)C7)O,1
392,c1ccc2c(c1)CCCN2C(=O)N3CCC(C3)c4cnccn4,1
393,CC(C)(C)N1CCN(CC1)c2ccc(nc2)N3CCN(c4c3cccc4)C(=O)NCCS(=O)(=O)N5CCCC5,0
394,CCS(=O)(=O)N1CCN(CC1)c2ncc(cc2)N3c4c(cccc4)N(CC3)C(=O)N[C@H]5C6C[C@]7(CC5CC(C6)C7)C(=O)N,1
395,CS(=O)(=O)N1CCC(CC1)(O)c2ccc(cc2)N3c4c(cccc4)N(CC3)C(=O)N[C@H]5C6C[C@]7(CC5CC(C6)C7)O,1
396,CC(CS(=O)(=O)N1CCN(CC1)c2cnc(cc2)N3c4c(cccc4)N(CC3)C(=O)N[C@H]5C6C[C@]7(CC5CC(C6)C7)O)C,1
397,c1ccc2c(c1)N(CCO2)C(=O)N3CCC(C3)c4c[nH]nc4C(F)(F)F,1
398,CC(C(=O)O)(C1CCN(CC1)c2cnc(cc2)N3c4c(cccc4)N(CC3)C(=O)N[C@H]5C6C[C@]7(CC5CC(C6)C7)C(=O)N)C,1
399,c1cc(ccc1CN2CCN(CC2)C(=O)N3CCC(C3)c4c[nH]nc4)C(=O)[O-],0
400,CCC(C)C(=O)N1CCN(c2c1cccc2)c3ccc(cn3)N4CCN(CC4)C(C)(C)C,0
401,CC1(CN(CCO1)C(=O)N2CCN(c3c2cccc3)c4ccc(cn4)N5CCN(CC5)C(C)(C)C)C,0
402,CC1(CCN(c2c1cccc2)C(=O)N3CCC(C3)c4ccnnc4)C,0
403,c1ccc2c(c1)CCCN2C(=O)N3CCC(C3)(C#N)c4cccnc4,1
404,CC(C)(C)N1CCN(CC1)c2ccc(nc2)N3CCN(c4c3cccc4)C(=O)NCc5cccs5,0
405,CN(C)S(=O)(=O)c1ccc2c(c1)CCCN2C(=O)N3CCC(C3)c4cccnc4,0
406,c1cc(cc(c1)Cl)C2CCN(C2)C(=O)N3CCOc4c3cc(cc4)Cl,0
407,CC(C)(C)N1CCN(CC1)c2ccc(nc2)N3CCN(c4c3cccc4)C(=O)Nc5ccc(cc5)n6ccnc6,0
408,c1cc2c(cc1)N(CCN2c3ncc(cc3)N4CCN(CC4)CC(F)(F)F)C(=O)N[C@H]5C6C[C@]7(CC5CC(C6)C7)C(=O)N,1
409,CN(C(=O)N1CCN(CC1)c2ccc(cc2)N3c4c(cccc4)N(CC3)C(=O)N[C@H]5C6C[C@]7(CC5CC(C6)C7)O)C,1
410,CC(C1CCN(C1)C(=O)N2CCN(c3c2cccc3)c4ccc(cc4)N5CCN(CC5)S(=O)(=O)C)(C(F)(F)F)O,0
411,Cc1noc(n1)[C@@]23CC4[C@H](C(C2)CC(C3)C4)NC(=O)N5c6c(cccc6)N(CC5)c7ncc(cc7)N8CCN(CC8)S(=O)(=O)C9CC9,0
412,c1ccc2c(c1)CCCN2C(=O)N3CCC(CC3)c4nccs4,0
413,c1ccc2c(c1)N(CCN2C(=O)N3CCC(C3)c4c[nH]nc4)c5ccc(cc5)c6ccc(cc6)C(F)(F)F,0
414,c1ccc2c(c1)CCCN2C(=O)N3C[C@H]([C@@H](C3)C(=O)O)c4cccnc4,0
415,c1ccc2c(c1)CCCC23CCN(C3)C(=O)N4CCOc5c4cc(cc5)Cl,1
416,c1ccc2c(c1)CCCN2C(=O)N3CCC(CC3)c4nc(no4)c5ccc(cc5)F,0
417,CN(C(=O)N1c2c(cccc2)N(CC1)c3ccc(cc3)N4CCN(CC4)S(=O)(=O)C)[C@H]5C6C[C@]7(CC5CC(C6)C7)O,0
418,CC(Oc1cnc(cc1)c2ccc(cc2)N3c4c(cccc4)N(CC3)C(=O)N[C@H]5C6C[C@]7(CC5CC(C6)C7)O)C,1
419,CC(C)(C)N1CCN(CC1)c2ccc(nc2)N3CCN(c4c3cccc4)C(=O)N(Cc5cccnc5)C6CC6,0
420,c1cc2c(cc1)N(CCN2c3ncc(cc3)N4CCN(CC4)S(=O)(=O)C5CCC5)C(=O)N[C@H]6C7C[C@]8(CC6CC(C7)C8)O,1
421,CC(O)(CCN1CCN(CC1)c2cnc(cc2)N3c4c(cccc4)N(CC3)C(=O)N[C@H]5C6C[C@]7(CC5CC(C6)C7)C(=O)N)C,1
422,CCOc1ccc(cn1)C2=CC3CCC(C2)N3C(=O)N4CCCc5c4cccc5,0
423,CS(=O)(=O)N1CCN(CC1)C(=O)Cn2cc(cn2)C3CCN(C3)C(=O)N4[C@@H]5CC[C@H]4C[C@@H](C5)CO,0
424,CS(=O)(=O)c1ccc(cc1)CN2CCN(CC2)C(=O)N3CCC(C3)c4c[nH]nc4,0
425,CCOC(=O)[C@H]1CC[C@H](CC1)N2c3c(cccc3)N(CC2)C(=O)N4CC(CC4)c5cn[nH]c5,0
426,CC(OC(=O)N1CCN(CC1)c2cnc(cc2)N3c4c(cccc4)N(CC3)C(=O)N[C@H]5C6C[C@]7(CC5CC(C6)C7)O)(C)C,1
427,c1ccc2c(c1)CCCN2C(=O)N3C4CCC3C=C(C4)c5ccc(cc5)N,0
428,c1cc2c(cc1)N(CCN2c3ccc(cc3)c4ncc(cc4)OCC(F)(F)F)C(=O)N[C@H]5C6C[C@]7(CC5CC(C6)C7)C(=O)N,1
429,CCc1csc(n1)C2CCN(CC2)C(=O)N3CCCc4c3cccc4,0
430,c1ccc2c(c1)N(CCN2C(=O)NC3CCS(=O)(=O)C3)c4ccc(cc4)c5ccccn5,0
431,c1ccc(cc1)C2CCN(C2)C(=O)N3CCN(c4c3cccc4)c5ccc(cc5)c6ccccn6,0
432,c1ccc2c(c1)N(CCN2C(=O)N3CCC(C3)c4c[nH]nc4)c5ccc(cc5)c6ccc(cn6)C(=O)N7CCOCC7,1
433,CN(C)C(=O)[C@@H]1CN(C[C@H]1c2cccnc2)C(=O)N3CCCc4c3cccc4,0
434,c1cc2c(cc1)N(CCN2c3ncc(cc3)N4CCC(CC4)(F)F)C(=O)N[C@H]5C6C[C@]7(CC5CC(C6)C7)C(=O)N,1
435,CCc1ccc(cc1)NC(=O)N2CCN(c3c2cccc3)c4ccc(cn4)N5CCN(CC5)C(C)(C)C,0
436,c1cc2c(cc1)N(CCN2c3ncc(cc3)N4CCN(CC4)S(=O)(=O)C5CC5)C(=O)N[C@H]6C7C[C@]8(CC6CC(C7)C8)CC(=O)N,1
437,CC(N1CCN(CC1)c2cnc(cc2)N3c4c(cc(cc4)Cl)N(CC3)C(=O)N[C@H]5C6C[C@]7(CC5CC(C6)C7)C(=O)N)(C)C,1
438,CC(OC(=O)N[C@H](Cc1c(cc(c(c1)F)F)F)CCN2CCN(CC2)c3cnc(cc3)N4c5c(cccc5)N(CC4)C(=O)N[C@H]6C7C[C@]8(CC6CC(C7)C8)C(=O)N)(C)C,1
439,c1ccc2c(c1)N(CCO2)C(=O)N3CCC(C3)c4cnccc4C#N,0
440,COc1ccc(cc1)c2cnc(nc2)N3CCN(c4c3cccc4)C(=O)N5CCC(C5)c6c[nH]nc6c7ccccc7,0
441,c1ccc2c(c1)N(CCN2C(=O)N3CCC(CC3)CO)c4ccc(cc4)OCC(=O)NC5CC5,0
442,CS(=O)(=O)N1CCC(C1)N2CCN(c3c2cccc3)C(=O)N4CCC(C4)c5c[nH]nc5,0
443,c1ccc2c(c1)CCCN2C(=O)N3C[C@H]([C@@H](C3)c4cccnc4)CO,0
444,Cc1cc(n(c(=O)n1)CCNC(=O)N2CCN(c3c2cccc3)c4ccc(cn4)N5CCN(CC5)C(C)(C)C)C,0
445,c1cc2c(cc1)N(CCN2c3ncc(cc3)Br)C(=O)N[C@H]4C5C[C@]6(CC4CC(C5)C6)C(=O)N,1
446,Cc1c(nc[nH]1)C2CCN(CC2)C(=O)N3c4ccccc4OCC3C,0
447,c1cc2c(cc1)N(CCN2c3ccc(cc3)Oc4ncc(cn4)Br)C(=O)N[C@H]5C6C[C@]7(CC5CC(C6)C7)O,0
448,CCOC(=O)Cn1cc(cn1)C2CCN(CC2)C(=O)N3CCCc4c3cccc4,0
449,CS(=O)(=O)N1CCN(CC1)c2ccc(cc2)[C@]3(C[C@H]4N([C@@H](C3)CC4)C(=O)N[C@H]5C6C[C@]7(CC5CC(C6)C7)C(=O)N)O,1
450,Cn1cc(cn1)C2CCN(CC2)C(=O)N3CCCc4c3cccc4,0
451,CS(=O)(=O)N1CCN(CC1)c2ccc(cc2)N3CCN(c4c3cccc4)C(=O)NC56CCC(CC5)(CC6)C(=O)N,0
452,CC(C)(C)N1CCN(CC1)c2ccc(nc2)N3CCN(c4c3cccc4)C(=O)Nc5ccc(c(c5)Cl)C(=O)N,0
453,c1ccc2c(c1)C3(CC3)CCN2C(=O)N4CCC(C4)c5c[nH]nc5,1
454,c1ccc2c(c1)N(CCO2)C(=O)N3CCC(C3)C4CCCNC4C(F)(F)F,0
455,COC(=O)N1CCN(CC1)C(=O)c2c3c(ccc2)N(CCO3)C(=O)N[C@H]4C5C[C@]6(CC4CC(C5)C6)O,0
456,C[C@H]1CN(CCN1c2ncc(cn2)c3ccc(cc3)OC)C(=O)N4CCC(C4)c5c[nH]nc5,0
457,CC(CN1CCN(CC1)c2cnc(cc2)N3c4c(cccc4)N(CC3)C(=O)N[C@H]5C6C[C@]7(CC5CC(C6)C7)O)(C)C,1
458,CC1CCc2ccccc2N1C(=O)N3CCC(CC3)c4cn(cn4)Cc5ccccc5,0
459,c1ccc2c(c1)CCCN2C(=O)N3CCC(CC3)c4cnc(o4)CN5CCOCC5,0
460,CCOC(=O)COC1CCN(CC1)c2cnc(cc2)N3c4c(cccc4)N(CC3)C(=O)N[C@H]5C6C[C@]7(CC5CC(C6)C7)C(=O)N,1
461,c1cc(ccc1CN2CCN(CC2)C(=O)N3CCC(C3)c4c[nH]nc4)C(=O)NC5CC5,0
462,CC([Si](Oc1c2c(ccc1)N(CCC2)C(=O)N[C@H]3C4C[C@]5(CC3CC(C4)C5)O)(C)C)(C)C,1
463,c1ccc2c(c1)N(CCO2)C(=O)N3CCC(C3)c4c[nH]nc4,1
464,CC(C)(C)N1CCN(CC1)c2ccc(nc2)N3CCN(c4c3cccc4)C(=O)N5C[C@H]6CC[C@@H]5C6O,0
465,c1ccc2c(c1)N(CCN2C(=O)N3CC4C(C3)C4CO)c5ccc(cc5)OCC(=O)NC6CC6,0
466,CC(C)(C)N1CCN(CC1)c2ccc(nc2)N3CCN(c4c3cccc4)C(=O)CCSC,0
467,c1cc2c(cc1)N(CCN2c3ncc(cc3)N4CCS(=O)(=O)CC4)C(=O)N[C@H]5C6C[C@]7(CC5CC(C6)C7)C(=O)N,1
468,c1cc(cnc1)C2CCN(C2)C(=O)N3CCOc4c3cc(cc4)C(=O)O,0
469,CS(=O)(=O)N1CCN(CC1)c2cnc(nc2)N3c4c(cccc4)N(CC3)C(=O)N[C@H]5C6C[C@]7(CC5CC(C6)C7)O,1
470,c1cc2c(cc1)N(CCN2c3ncc(cc3)N4CCN(CC4)CCCO)C(=O)N[C@H]5C6C[C@]7(CC5CC(C6)C7)C(=O)N,1
471,c1cc2c(cc1)N(CCN2c3ncc(cc3)N4CCC(CC4)(F)F)C(=O)N[C@H]5C6C[C@]7(CC5CC(C6)C7)O,1
472,COc1ccc2c(c1)N(CCO2)C(=O)N3CCC(C3)c4cccnc4,1
473,COC(=O)N[C@@]12CC3[C@H](C(C1)CC(C2)C3)NC(=O)N4c5c(cccc5)N(CC4)c6ccc(cc6)N7CCN(CC7)S(=O)(=O)C,0
474,CC(N1CCN(CC1)c2ccc(cc2)N3c4c(cccc4)N(CC3)C(=O)N[C@H]5C6C[C@]7(CC5CC(C6)C7)C(=O)N)(CO)C,1
475,CC(C)(C)N1CCN(CC1)c2ccc(nc2)N3CCN(c4c3cccc4)C(=O)N5C[C@H]6C[C@@H]5CN6C(=O)OC(C)(C)C,0
476,c1ccc2c(c1)N(CCN2C(=O)N3CCC(C3)c4c[nH]nc4)c5ccc(cc5)Oc6nccc(n6)C(F)(F)F,1
477,c1ccc2c(c1)CCN(C2)C(=O)N3[C@@H]4CC[C@H]3CC(C4)c5cccnc5,1
478,c1ccc2c(c1)N(CCN2C(=O)N3CCC(C3)c4c[nH]nc4)c5ccc(cc5)OCC(=O)NC6CC6,1
479,c1ccc2c(c1)N(CCN2C(=O)N3CCC(C3)c4c[nH]nc4)c5ccc(cc5)OCC(=O)NC6CC6,1
480,c1ccc2c(c1)CCCN2C(=O)N3C4CCC3C=C(C4)c5ccc(s5)C#N,0
481,CC(=O)Nc1ccc(cc1OC)NC(=O)N2CCN(c3c2cccc3)c4ccc(cn4)N5CCN(CC5)C(C)(C)C,0
482,CC(C)(C)N1CCN(CC1)c2ccc(nc2)N3CCN(c4c3cccc4)C(=O)N[C@H]5CCC[C@@H]5O,0
483,CC1(CCN(c2c1cc(cc2)Cl)C(=O)N3CCC(C3)c4c[nH]nc4)C,1
484,Cc1cccc(c1)C2=CC3CCC(C2)N3C(=O)N4CCCc5c4cccc5,0
485,CC(C)(C)OC(=O)N1CCC(CC1)N2CCN(c3c2cccc3)C(=O)N4CCC(C4)c5c[nH]nc5,0
486,c1ccc2c(c1)CCCN2C(=O)C(=O)N3CCC(CC3)c4c[nH]nc4,0
487,CS(=O)(=O)N1CCN(CC1)c2ccc(cc2)OC[C@]3(CC4N(C(C3)CC4)C(=O)N[C@H]5C6C[C@]7(CC5CC(C6)C7)O)O,0
488,c1ccc2c(c1)CCCN2C(=O)N3CCC(CC3)(C#N)C4CCCCC4,0
489,CC(C)(C)N1CCN(CC1)c2ccc(nc2)N3CCN(c4c3cccc4)C(=O)/C=C/c5ccc(c(c5)Cl)Cl,0
490,CC(C(=O)OC)(C1CCN(CC1)c2cnc(cc2)N3c4c(cccc4)N(CC3)C(=O)N[C@H]5C6C[C@]7(CC5CC(C6)C7)C(=O)N)C,1
491,CS(=O)(=O)N1CCN(CC1)c2ccc(cc2)N3CCN(c4c3cccc4)C(=O)N5CC=CC5,0
492,CCC(N1CCN(CC1)c2cnc(cc2)N3c4c(cccc4)N(CC3)C(=O)N[C@H]5C6C[C@]7(CC5CC(C6)C7)C(=O)N)CC,1
493,COc1ccccc1C2CCN(C2)C(=O)N3CCOc4c3cccc4,0
494,c1cc2c(cc1)N(CCN2c3ncc(cc3)N4CCN(CC4)S(=O)(=O)C5CC5)C(=O)N[C@H]6C7C[C@]8(CC6CC(C7)C8)OCC(=O)N,1
495,c1ccc2c(c1)N(CCO2)C(=O)N3CCC(C3)(c4ccn[nH]4)O,0
496,CC(C)CNC(=O)C1CCCN(C1)C(=O)N2CCN(c3c2cccc3)c4ccc(cn4)N5CCN(CC5)C(C)(C)C,0
497,c1ccc2c(c1)N(CCN2C(=O)N3CCS(=O)(=O)CC3)c4ccc(cc4)c5ccccn5,0
498,CS(=O)(=O)N1CCC(CC1)Oc2ccc(cc2)N3CCN(c4c3cccc4)C(=O)N5CCC(C5)c6c[nH]nc6,1
499,CCCS(=O)(=O)N1CCN(CC1)c2cnc(cc2)N3c4c(cccc4)N(CC3)C(=O)N[C@H]5C6C[C@]7(CC5CC(C6)C7)O,1
500,c1ccc(cc1)CN2CCN(c3c2cccc3)C(=O)N4CCC(C4)c5c[nH]nc5,1
501,COC(=O)N1CCC(CC1)CN2c3c(cccc3)N(CC2)C(=O)N[C@H]4C5C[C@@]6(CC4CC(C5)C6)O,0
502,c1ccc2c(c1)CCCN2C(=O)N3CCC4(CC3)Cc5ccccc5C4,1
503,COC(=O)[C@@H]1C[C@H]2CC[C@@H](C1)N2C(=O)N3CCC(C3)c4c[nH]nc4,1
504,CS(=O)(=O)N1CCN(CC1)c2ccc(cc2)O[C@H]3CC4N(C(C3)CC4)C(=O)N5CC(CC5)c6cn[nH]c6,1
505,c1ccc(cc1)C2CCN(C2)C(=O)N3CCCc4c3cccc4,1
506,CS(=O)(=O)N1CCN(CC1)c2ccc(cc2)N3CCN(c4c3cccc4)C(=O)N(CCO)C5CCS(=O)(=O)C5,0
507,c1ccc2c(c1)N(CCN2C(=O)NC3C4CC5CC(C4)CC3C5)c6ccc(cc6)OCc7ncccn7,0
508,COCCN1CCN(CC1)c2ccc(cc2)N3c4c(cccc4)N(CC3)C(=O)N[C@H]5C6C[C@]7(CC5CC(C6)C7)C(=O)N,1
509,CC(C)(C)N1CCN(CC1)c2ccc(nc2)N3CCN(c4c3cccc4)C(=O)N5CC(C5)C#N,0
510,c1cc2c(cc1)N(CCN2c3ccc(cc3)N4CCN(CC4)C5CCOCC5)C(=O)N[C@H]6C7C[C@]8(CC6CC(C7)C8)C(=O)N,1
511,c1ccc2c(c1)cc(s2)C3=CC4CCC(C3)N4C(=O)N5CCCc6c5cccc6,0
512,c1cc2c(cc1)N(CCN2c3ccc(cc3)c4ncc(cc4)OCC(F)(F)F)C(=O)N[C@H]5C6C[C@]7(CC5CC(C6)C7)O,1
513,CS(=O)(=O)c1ccc(cc1)CN2CCN(CC2)C(=O)N3CCC(C3)c4cccnc4,0
514,CC1CCc2ccccc2N1C(=O)N3CCC(CC3)(c4ccccc4)O,0
515,c1cc2c(cc1)N(CCN2c3ncc(cc3)N4CCC5(CC4)CC5)C(=O)N[C@H]6C7C[C@]8(CC6CC(C7)C8)C(=O)N,1
516,CC(N1CCN(CC1)c2cnc(cc2)N3c4c(cccc4)N(CC3)C(=O)N[C@H]5C6C[C@]7(CC5CC(C6)C7)C(=O)N)C,1
517,Cc1ccc(cn1)C2CCN(C2)C(=O)N3CCCc4c3cccc4,0
518,CC(C1CCN(CC1)C(=O)N2CCN(c3c2cccc3)c4ccc(cc4)OCC(=O)NC5CC5)(C(F)(F)F)O,0
519,COc1ccc(cc1)c2cnc(nc2)N3CCN(c4c3cccc4)C(=O)N5CC[C@H](C5)c6c[nH]nc6,1
520,COc1ccc(cc1)c2cnc(nc2)N3CCN(c4c3cccc4)C(=O)N5CCC(C5)c6c[nH]nc6,1
521,c1ccc2c(c1)CCCN2C(=O)C(=O)N3CCC(CC3)c4cccnc4,0
522,c1ccc2c(c1)NCCN2C(=O)N3CCCC4C3CCCC4,1
523,C[C@@H](C(C)C)NC(=O)N1CCN(c2c1cccc2)c3ccc(cn3)N4CCN(CC4)C(C)(C)C,0
524,CC(C)C(C)NC(=O)N1CCN(c2c1cccc2)c3ccc(cn3)N4CCN(CC4)C(C)(C)C,0
525,c1ccc2c(c1)CCCN2C(=O)N3C4CCC3C=C(C4)c5cccnc5,0
526,CCC1CCCCN1C(=O)N2CCN(c3c2cccc3)c4ccc(cn4)N5CCN(CC5)C(C)(C)C,0
527,c1cc(cnc1)C2CCN(C2)C(=O)N3CCCc4c3ccnc4,0
528,COc1ccc(c(n1)OC)C2=CC3CCC(C2)N3C(=O)N4CCCc5c4cccc5,0
529,CCCCC(=O)N1CCN(c2c1cccc2)c3ccc(cn3)N4CCN(CC4)C(C)(C)C,0
530,COCCCN1CCN(CC1)c2cnc(cc2)N3c4c(cccc4)N(CC3)C(=O)N[C@H]5C6C[C@]7(CC5CC(C6)C7)O,1
531,c1cc2c(c(c1)O)CCCN2C(=O)N3CCC(C3)c4c[nH]nc4,1
532,CC1(CC1)N2CCN(CC2)c3cnc(cc3)N4c5c(cccc5)N(CC4)C(=O)N[C@H]6C7C[C@]8(CC6CC(C7)C8)C(=O)N,1
533,CC1COc2ccccc2N1C(=O)N3CCC(CC3)c4cn(cn4)CCC(=O)O,0
534,CC1CCCCN1C2CN(C2)C(=O)N3CCN(c4c3cccc4)c5ccc(cn5)N6CCN(CC6)C(C)(C)C,0
535,CC(C)(C)N1CCN(CC1)c2ccc(nc2)N3CCN(c4c3cccc4)C(=O)N[C@@H]5[C@@H]6C[C@@H]7C[C@H]5C[C@@](C7)(C6)C(=O)N,1
536,CC(C)(C)N1CCN(CC1)c2ccc(nc2)N3CCN(c4c3cccc4)C(=O)N[C@@H]5[C@@H]6C[C@@H]7C[C@H]5C[C@@](C7)(C6)C(=O)N,1
537,CC(C)(C)N1CCN(CC1)c2ccc(nc2)N3CCN(c4c3cccc4)C(=O)N[C@@H]5[C@@H]6C[C@@H]7C[C@H]5C[C@@](C7)(C6)C(=O)N,1
538,CC(C)(C)N1CCN(CC1)c2ccc(nc2)N3CCN(c4c3cccc4)C(=O)N[C@@H]5[C@@H]6C[C@@H]7C[C@H]5C[C@@](C7)(C6)C(=O)N,1
539,CC(C)(C)N1CCN(CC1)c2ccc(nc2)N3CCN(c4c3cccc4)C(=O)N[C@@H]5[C@@H]6C[C@@H]7C[C@H]5C[C@@](C7)(C6)C(=O)N,1
540,CC(C)(C)N1CCN(CC1)c2ccc(nc2)N3CCN(c4c3cccc4)C(=O)N[C@@H]5[C@@H]6C[C@@H]7C[C@H]5C[C@@](C7)(C6)C(=O)N,1
541,CC(C)(C)N1CCN(CC1)c2ccc(nc2)N3CCN(c4c3cccc4)C(=O)N[C@H]5[C@@H]6C[C@@H]7C[C@H]5C[C@@](C7)(C6)C(=O)N,0
542,c1cc2c(cc1)N(CCN2c3ncc(cc3)N4C[C@@H]([C@H](CC4)c5c(cc(c(c5)F)F)F)N)C(=O)N[C@H]6C7C[C@]8(CC6CC(C7)C8)C(=O)N,1
543,c1ccc2c(c1)CCCN2C(=O)N3CCC(C3)c4ccccc4F,1
544,c1cc2c(cc1)N(CCN2c3ncc(cc3)N4CCC(CC4)N5C[C@H](CC5)O)C(=O)N[C@H]6C7C[C@]8(CC6CC(C7)C8)C(=O)N,1
545,c1cc2c(cc1)N(CCN2c3ncc(cc3)N4CCC(CC4)N5C[C@@H](CC5)O)C(=O)N[C@H]6C7C[C@]8(CC6CC(C7)C8)C(=O)N,1
546,CC(N1CCN(CC1)c2cnc(cc2)N3c4c(cccc4)N(CC3)C(=O)N[C@H]5C6C[C@]7(CC5CC(C6)C7)C(=O)N)(CO)C,1
547,CC(N1CCN(CC1)c2cnc(cc2)N3c4c(cccc4)N(CC3)C(=O)N[C@H]5C6C[C@]7(CC5CC(C6)C7)C(=O)N)(CO)C,1
548,CC(C)(C1CCN(CC1)C(=O)N2CCN(c3c2cccc3)c4ccc(cc4)OCC(=O)NC5CC5)O,0
549,c1cc2c(cc1)N(CCN2c3ncc(cc3)N4CCN(CC4)C(=O)C[C@H](N)Cc5c(cc(c(c5)F)F)F)C(=O)N[C@H]6C7C[C@]8(CC6CC(C7)C8)C(=O)N,1
550,CC(C)(C)N1CCN(CC1)c2ccc(nc2)N3CCN(c4c3cccc4)C(=O)/C=C/c5ccc(cc5)OC,0
551,c1ccc2c(c1)CCCN2C(=O)C(=O)N3CCC(C3)c4cccnc4,0
552,c1cc2c(cc1)N(CCN2c3ncc(cc3)N4CCC5(OCCO5)CC4)C(=O)N[C@H]6C7C[C@]8(CC6CC(C7)C8)C(=O)N,1
553,c1ccc(cc1)COc2cccc3c2CCCN3C(=O)N4CCC(C4)c5c[nH]nc5,1
554,CCC(N1CCN(CC1)c2ccc(cc2)N3c4c(cccc4)N(CC3)C(=O)N[C@H]5C6C[C@]7(CC5CC(C6)C7)C(=O)N)CC,1
555,CC1(CCN(CC1)C(=O)N2CCCc3c2cccc3)C#N,0
556,Cc1ccc2c(n1)N(CCO2)C(=O)NC34CC5CC(C3)CC(C5)C4,0
557,CCC(CNC(=O)N1CCN(c2c1cccc2)c3ccc(cn3)N4CCN(CC4)C(C)(C)C)N5CCN(CC5)C,0
558,Cc1c(ncc(c1)N2CCN(CC2)C(C)(C)C)N3c4c(cccc4)N(CC3)C(=O)N[C@H]5C6C[C@]7(CC5CC(C6)C7)C(=O)N,1
559,CCc1c(nc[nH]1)C2CCN(CC2)C(=O)N3c4ccccc4OCC3C,0
560,c1ccc2c(c1)CCCN2C(=O)N3CCC(C3)c4ccccc4C(F)(F)F,1
561,COC(=O)CC1CCN(CC1)c2cnc(cc2)N3c4c(cccc4)N(CC3)C(=O)N[C@H]5C6C[C@]7(CC5CC(C6)C7)C(=O)N,1
562,c1cc2c(cc1)N(CCN2c3ncc(cc3)N4CCN(CC4)C5(CC5)CO)C(=O)N[C@H]6C7C[C@]8(CC6CC(C7)C8)C(=O)N,1
563,Cc1nc(ccc1N2CCN(CC2)S(=O)(=O)C)N3c4c(cccc4)N(CC3)C(=O)N[C@H]5C6C[C@]7(CC5CC(C6)C7)C(=O)N,1
564,c1ccc(c(c1)C2CCN(C2)C(=O)N3CCOc4c3cccc4)C(F)(F)F,1
565,CC1(CCN(c2c1c(ccc2)Cl)C(=O)N3CCC(C3)c4c[nH]nc4)C,1
566,c1ccc(cc1)c2nc(no2)C3CCN(CC3)C(=O)N4CCCc5c4cccc5,0
567,c1c(cnc(c1)N2c3c(cc(c(c3)F)F)N(CC2)C(=O)N[C@H]4C5C[C@]6(CC4CC(C5)C6)C(=O)N)N7CCN(CC7)S(=O)(=O)C8CC8,1
568,CC1CC(CN(C1)C(=O)N2CCN(c3c2cccc3)c4ccc(cn4)N5CCN(CC5)C(C)(C)C)C,0
569,c1cc(cnc1)C2CCN(C2)C(=O)N3CCN(CC3)Cc4ccc(cc4)C(=O)NC5CC5,0
570,CC(Oc1ccc(cc1)c2cnc(cc2)O[C@H]3CC4N(C(C3)CC4)C(=O)N[C@H]5C6C[C@]7(CC5CC(C6)C7)C(=O)N)C,1
571,COc1cc(ccc1C(=O)NC2CC2)N3CCN(c4c3cccc4)C(=O)N5CCC(C5)c6c[nH]nc6,0
572,CS(=O)(=O)N1CCN(CC1)c2ccc(cc2)N3CCN(c4c3cccc4)C(=O)N5CCC(CC5)CCCO,0
573,CCS(=O)(=O)N1CCN(CC1)c2cnc(cc2)N3c4c(cccc4)N(CC3)C(=O)N[C@H]5C6C[C@]7(CC5CC(C6)C7)C(=O)N,1
574,c1cc2c(cc1)N(CCN2c3ncc(cc3)N4CCC(CC4)N5CC(CC5)(F)F)C(=O)N[C@H]6C7C[C@]8(CC6CC(C7)C8)C(=O)N,1
575,c1ccc2c(c1)N(CCN2C(=O)N3CCC(C3)c4c[nH]nc4)c5cccc(c5)OCC(=O)NC6CC6,1
576,CC(C)(C)N1CCN(CC1)c2ccc(nc2)N3CCN(c4c3cccc4)C(=O)/C=C/c5ccc(cc5)C(F)(F)F,0
577,COC(=O)C12CC3CC(C1)C(C(C3)C2)NC(=O)N4CCN(c5c4cccc5)c6ccc(cc6)N7CCN(CC7)S(=O)(=O)C,0
578,c1ccc2c(c1)N(CCN2C(=O)N3[C@@H]4CC[C@H]3C[C@@H](C4)C(=O)N)c5ccc(cc5)OCC(=O)NC6CC6,0
579,c1ccc2c(c1)N(CCO2)C(=O)N3CCC(C3)c4cccc(c4)C(F)(F)F,0
580,c1ccc2c(c1)N(CCN2C(=O)/C=C/c3ccc(cc3)F)c4ccc(cn4)N5CCN(CC5)S(=O)(=O)C6CC6,0
581,c1cc2c(cc1)N(CCN2C3CN[C@@H](C3)C(=O)N4CC(CC4)(F)F)C(=O)N[C@H]5C6C[C@]7(CC5CC(C6)C7)O,0
582,c1ccc(cc1)Cn2cc(nc2)C3CCN(CC3)C(=O)N4CCCc5c4cccc5,0
583,c1cc2c(cc1)N(CCN2c3ncc(cc3)N4CCC5(CC4)CCNCC5)C(=O)N[C@H]6C7C[C@]8(CC6CC(C7)C8)C(=O)N,1
584,c1cc2c(cc1)N(CCN2c3ncc(cc3)N4CCN(CC4)C(=O)OCCO[N+](=O)[O-])C(=O)N[C@H]5C6C[C@]7(CC5CC(C6)C7)O,1
585,CC1(CCN(c2c1cccc2)C(=O)NC3C4CC5CC3CC(C5)(C4)C(=O)O)C,0
586,CC1(CCN(c2c1cccc2)C(=O)NC3C4CC5CC3CC(C5)(C4)C(=O)O)C,0
587,c1ccc2c(c1)N(CCN2C(=O)NC3C4CC5CC(C4)CC3C5)c6ccc(cc6)OC7CCN(CC7)C(=O)C8CCOCC8,0
588,CNS(=O)(=O)c1ccc2c(c1)CCCN2C(=O)N3CCC(C3)c4cccnc4,0
589,CC(N1CCN(CC1)c2cnc(cc2)N3c4c(cccc4)N(CC3)C(=O)N[C@H]5C6C[C@]7(CC5CC(C6)C7)CO)(C)C,1
590,CC(N1CCN(CC1)c2cnc(cc2)N3c4c(cccc4)N(CC3)C(=O)N[C@H]5C6C[C@]7(CC5CC(C6)C7)CO)(C)C,1
591,C[C@@H]1CN(CCN1C(=O)N2CCC(C2)c3c[nH]nc3)c4ncc(cn4)c5ccc(cc5)OC,0
592,C[C@H]1CN(CCN1C(=O)N2CCC(C2)c3c[nH]nc3)c4ncc(cn4)c5ccc(cc5)OC,0
593,CC(C)(C)N1CCN(CC1)c2ccc(nc2)N3CCN(c4c3cccc4)C(=O)Cc5cc(ccc5OC)OC,0
594,c1ccc(cc1)CC2(CCN(CC2)C(=O)N3CCCc4c3cccc4)C#N,0
595,CC(C(=O)N1CCN(CC1)c2cnc(cc2)N3c4c(cccc4)N(CC3)C(=O)N[C@H]5C6C[C@]7(CC5CC(C6)C7)C(=O)N)(C)C,1
596,CC(OC(=O)N[C@@H](CC(=O)N1CCN(CC1)c2cnc(cc2)N3c4c(cccc4)N(CC3)C(=O)N[C@H]5C6C[C@]7(CC5CC(C6)C7)C(=O)N)Cc8c(cc(c(c8)F)F)F)(C)C,1
597,c1cc2c(cc1)N(CCN2c3ncc(cc3)N4CCN(CC4)S(=O)(=O)CC(F)(F)F)C(=O)N[C@H]5C6C[C@]7(CC5CC(C6)C7)C(=O)N,1
598,CS(=O)(=O)N1CCN(CC1)c2ccc(cc2)OC[C@H]3CC4N(C(C3)CC4)C(=O)N[C@H]5C6C[C@]7(CC5CC(C6)C7)O,1
599,CS(=O)(=O)N1CCN(CC1)c2ccc(cc2)OC[C@H]3CC4N(C(C3)CC4)C(=O)N[C@H]5C6C[C@]7(CC5CC(C6)C7)O,1
600,c1ccc2c(c1)CCCN2C(=O)N3CC(C(C3)Oc4cccnc4)O,0
601,CC(C)(C)N1CCN(CC1)c2ccc(nc2)N3CCN(c4c3cccc4)C(=O)CF,0
602,Cc1ccc(nc1)c2ccc(cc2)N3CCN(c4c3cccc4)C(=O)N5CCC(C5)c6c[nH]nc6,1
603,CS(=O)(=O)N1CCN(CC1)Cc2nc(no2)N3CCN(c4c3cccc4)C(=O)N5CCC(C5)c6c[nH]nc6,0
604,c1cc2c(cc1)N(CCN2c3ncc(cc3)N4CCC(CC4)N5CCS(=O)(=O)CC5)C(=O)N[C@H]6C7C[C@]8(CC6CC(C7)C8)C(=O)N,1
605,CCC(Oc1cnc(cc1)c2ccc(cc2)N3c4c(cccc4)N(CC3)C(=O)N[C@H]5C6C[C@]7(CC5CC(C6)C7)O)C,1
606,c1ccc(cc1)[C@@]2(C[C@H]3CC[C@@H](C2)N3C(=O)N4CCC(C4)c5c[nH]nc5)O,1
607,c1cc2c(cc1)N(CCN2c3ncc(cc3)N4CCN(CC4)S(=O)(=O)C5CC5)C(=O)N[C@H]6C7C[C@]8(CC6CC(C7)C8)O,1
608,c1cc2c(cc1)N(CCN2c3ncc(cc3)N4CCN(CC4)S(=O)(=O)C5CC5)C(=O)N[C@H]6C7C[C@]8(CC6CC(C7)C8)O,1
609,c1cc2c(cc1)N(CCN2c3ncc(cc3)N4CCN(CC4)C5(CCC5)CO)C(=O)N[C@H]6C7C[C@]8(CC6CC(C7)C8)CN,1
610,C[C@H](c1ccccc1)NC(=O)N2CCN(c3c2cccc3)c4ccc(cn4)N5CCN(CC5)C(C)(C)C,0
611,C[C@@H](c1ccccc1)NC(=O)N2CCN(c3c2cccc3)c4ccc(cn4)N5CCN(CC5)C(C)(C)C,0
612,c1ccc2c(c1)CCCN2C(=O)N3CCC(C3)c4ccc(nc4)C(=O)[O-],0
613,c1ccc2c(c1)N(CCN2C(=O)N3CCC(C3)c4c[nH]nc4)c5cccc(c5)C(=O)NC6CC6,1
614,CN(C)C(=O)c1ccc(cc1)C2=CC3CCC(C2)N3C(=O)N4CCCc5c4cccc5,0
615,CS(=O)(=O)N1CCN(CC1)c2ccc(cc2)OC[C@H]3CC4N(C(C3)CC4)C(=O)N[C@H]5C6C[C@]7(CC5CC(C6)C7)C(=O)N,1
616,CCOC(=O)C(N1CCN(CC1)c2cnc(cc2)N3c4c(cccc4)N(CC3)C(=O)N[C@H]5C6C[C@]7(CC5CC(C6)C7)C(=O)N)(C)C,1
617,CC(N1CCN(CC1)c2cnc(cc2)N3c4c(cccc4)N(CC3)C(=O)N[C@H]5C6C[C@]7(CC5CC(C6)C7)c8nnn[nH]8)(C)C,0
618,c1ccc2c(c1)CCCN2C(=O)N3C4CCC3C=C(C4)c5ccc6c(c5)CCO6,0
619,CCC(CC)CNC(=O)N1CCN(c2c1cccc2)c3ccc(cn3)N4CCN(CC4)C(C)(C)C,0
620,CC(C1CCN(CC1)c2cnc(cc2)N3c4c(cccc4)N(CC3)C(=O)N[C@H]5C6C[C@]7(CC5CC(C6)C7)O)(C)C,1
621,Cc1cc(ncc1C2=CC3CCC(C2)N3C(=O)N4CCCc5c4cccc5)Cl,0
622,c1ccc2c(c1)CCCN2C(=O)N3C4CCC3CC(C4)c5ccccc5F,1
623,c1cc2c(cc1)N(CCN2c3ncc(cc3)N4CCN(CC4)S(=O)(=O)C(F)F)C(=O)N[C@H]5C6C[C@]7(CC5CC(C6)C7)C(=O)N,1
624,c1ccc2c(c1)N(CCO2)C(=O)N3CCC(C3)c4cccnc4Cl,1
625,CC(=O)N1CCN(CC1)c2cnc(cc2)N3c4c(cccc4)N(CC3)C(=O)N[C@H]5C6C[C@]7(CC5CC(C6)C7)O,1
626,CC(=O)N1CCN(c2c1cccc2)c3ccc(cn3)N4CCN(CC4)C(C)(C)C,0
627,c1ccc2c(c1)CCCN2C(=O)N3CCC(C3)c4cccc(c4)F,1
628,COC(=O)N1CCN(CC1)C(=O)c2cccc3c2OCCN3C(=O)N4CCC(CC4)c5c[nH]nc5,0
629,CC(C)(C)N1CCN(CC1)c2ccc(nc2)N3CCN(c4c3cccc4)C(=O)N(C)CC(=O)N5CCCC5,0
630,COc1ccc(cc1)c2cc(n[nH]2)C3CCN(CC3)C(=O)N4CCCc5c4cccc5,0
631,CC(Oc1ccc(cc1)c2cnc(nc2)N3c4c(cccc4)N(CC3)C(=O)N[C@H]5C6C[C@]7(CC5CC(C6)C7)C(=O)N)C,1
632,Cc1c(ccc(n1)F)C2CC3CCC(C2)N3C(=O)N4CCCc5c4cccc5,1
633,CC(C)(C)N1CCN(CC1)c2ccc(nc2)N3CCN(c4c3cccc4)C(=O)CCc5ccccc5,0
634,COCCS(=O)(=O)N1CCN(CC1)c2ccc(cc2)N3c4c(cccc4)N(CC3)C(=O)N[C@H]5C6C[C@]7(CC5CC(C6)C7)C(=O)N,1
635,CC(Oc1ccc(cc1)c2cnc(nc2)N3c4c(cccc4)N(CC3)C(=O)N[C@H]5C6C[C@]7(CC5CC(C6)C7)O)C,1
636,Cc1ccc(cc1)/C=C/C(=O)N2CCN(c3c2cccc3)c4ccc(cn4)N5CCN(CC5)C(C)(C)C,0
637,c1ccc2c(c1)N(CCN2C(=O)N3CCC(C3)c4c[nH]nc4)c5ccc(cc5)Oc6cccc(c6)C(=O)O,0
638,CS(=O)(=O)N1CCN(CC1)c2cnc(cc2)OC[C@H]3CC4N(C(C3)CC4)C(=O)N[C@H]5C6C[C@]7(CC5CC(C6)C7)C(=O)N,1
639,CS(=O)(=O)N1CCN(CC1)c2cnc(cc2)OC[C@H]3CC4N(C(C3)CC4)C(=O)N[C@H]5C6C[C@]7(CC5CC(C6)C7)C(=O)N,1
640,c1ccc2c(c1)N(CCN2C(=O)N3CCC(C3)c4c[nH]nc4)c5ccc(cc5)C(=O)c6ccc(cc6)OC(F)(F)F,0
641,CS(=O)(=O)N1CCN(CC1)c2ccc(cc2)OC[C@@H]3C[C@H]4CC[C@@H](C3)N4C(=O)N5CCC(C5)c6c[nH]nc6,1
642,CS(=O)(=O)N1CCN(CC1)c2ccc(cc2)OC[C@H]3CC4N(C(C3)CC4)C(=O)N5CC(CC5)c6cn[nH]c6,1
643,COC(=O)[C@@H]1C[C@@H](CN1C(=O)N2CCCc3c2cccc3)c4cccnc4,0
644,CC(C)(C)OC(=O)N1CCN(c2c1cccc2)C(=O)N3CCC(C4C3CCCC4)O,0
645,CS(=O)(=O)N1CCN(CC1)c2ccc(cc2)N3CCN(c4c3cccc4)C(=O)NC56CCC(CC5)(CC6)C(=O)O,0
646,CC(CC(=O)N1CCN(CC1)c2cnc(cc2)N3c4c(cccc4)N(CC3)C(=O)N[C@H]5C6C[C@]7(CC5CC(C6)C7)O)C,1
647,CC(C)(C)N1CCN(CC1)c2ccc(nc2)N3CCN(c4c3cccc4)C(=O)NCC(C(F)(F)F)O,0
648,c1ccc2c(c1)N(CCN2C(=O)N3CCC(C3)c4c[nH]nc4)CC5CCNCC5,0
649,c1ccc(cc1)C(=O)NNC(=O)C2CCN(CC2)C(=O)N3CCCc4c3cccc4,0
650,COc1ccc(cc1)c2cnc(nc2)O[C@H]3CC4N(C(C3)CC4)C(=O)N5CC(CC5)c6cn[nH]c6,1
651,c1cc(c2c(c1)N(CCC2)C(=O)N[C@H]3C4C[C@]5(CC3CC(C4)C5)O)O,1
652,c1ccc(cc1)COc2c3c(ccc2)N(CCO3)C(=O)N[C@H]4C5C[C@]6(CC4CC(C5)C6)O,1
653,c1cc2c(cc1)N(CCN2c3ncc(cc3)N4CCN(CC4)C(=O)OCCO[N+](=O)[O-])C(=O)N[C@H]5C6C[C@]7(CC5CC(C6)C7)C(=O)N,1
654,c1ccc2c(c1)CCCN2C(=O)N3CCC(C3)c4ccccc4Cl,1
655,c1ccc2c(c1)CCCN2C(=O)N3C4CCC3C=C(C4)c5cccc6c5cccn6,0
656,CC(C1CCN(CC1)c2cnc(cc2)N3c4c(cccc4)N(CC3)C(=O)N[C@H]5C6C[C@]7(CC5CC(C6)C7)C(=O)N)(C)C,1
657,COc1ccc(cc1)C2CNC(=NC2)N3CCN(c4c3cccc4)C(=O)N5CCC(C5)c6c[nH]nc6C(F)(F)F,0
658,COc1ccc(cc1)c2cnc(nc2)O[C@H]3CC4N(C(C3)CC4)C(=O)N[C@H]5C6C[C@]7(CC5CC(C6)C7)C(=O)N,1
659,COc1ccc(cc1)c2cnc(nc2)O[C@H]3CC4N(C(C3)CC4)C(=O)N[C@H]5C6C[C@@]7(CC5CC(C6)C7)C(=O)N,0
660,CC(C)(C)N1CCN(CC1)c2ccc(nc2)N3CCN(c4c3cccc4)C(=O)NCC(C)(C)N5CCOCC5,0
661,c1cc2c(cc1)N(CCN2c3ccc(cc3)N4CCN(CC4)C(=O)CN)C(=O)N[C@H]5C6C[C@]7(CC5CC(C6)C7)C(=O)N,1
662,COCCOCCS(=O)(=O)N1CCN(CC1)c2ccc(cc2)N3c4c(cccc4)N(CC3)C(=O)N[C@H]5C6C[C@]7(CC5CC(C6)C7)C(=O)N,1
663,COc1ccc(cc1)C2CCN(C2)C(=O)N3CCOc4c3cccc4,0
664,CC1COc2ccccc2N1C(=O)N3CCC(CC3)c4cn(cn4)CCN5CCCCC5,0
665,COc1cnc(nc1)c2ccc(cc2)N3c4c(cccc4)N(CC3)C(=O)N[C@H]5C6C[C@]7(CC5CC(C6)C7)O,1
666,CS(=O)(=O)N1CCN(CC1)c2ccc(cc2)N3CCN(c4c3cccc4)C(=O)NC5C6CC7CC5CC(C7)(C6)C(=O)O,0
667,CS(=O)(=O)N1CCN(CC1)c2ccc(cc2)N3CCN(c4c3cccc4)C(=O)NC5C6CC7CC5CC(C7)(C6)C(=O)O,0
668,CS(=O)(=O)N1CCN(CC1)c2ccc(cc2)N3c4c(cccc4)N(CC3)C(=O)N[C@H]5C6C[C@@]7(CC5CC(C6)C7)O,0
669,c1ccc(cc1)C23CC2CN(C3)C(=O)N4CCN(c5c4cccc5)c6ccc(cc6)c7ccccn7,0
670,Cc1ccsc1CNC(=O)N2CCN(c3c2cccc3)c4ccc(cn4)N5CCN(CC5)C(C)(C)C,0
671,c1ccc2c(c1)N(CCN2C(=O)N3CCC(C3)c4c[nH]nc4)c5ccc(cc5)c6ccc(cc6)OC(F)(F)F,0
672,C[Si]1(CCN(CC1)c2cnc(cc2)N3c4c(cccc4)N(CC3)C(=O)N[C@H]5C6C[C@]7(CC5CC(C6)C7)C(=O)N)c8ccccc8,1
673,c1ccc(c(c1)C2CCN(C2)C(=O)N3CCN(c4c3cccc4)c5ccc(cc5)C#N)C(F)(F)F,0
674,c1ccc(c(c1)C2CCN(C2)C(=O)N3CCOc4c3cc(cc4)C(F)(F)F)C(F)(F)F,1
675,CC1CCc2ccccc2N1C(=O)N3CCC(CC3)c4cn(cn4)CCOC,0
676,c1ccc(cc1)Oc2ccc(cn2)N3CCN(c4c3cccc4)C(=O)N5CCC(C5)c6c[nH]nc6,1
677,Cc1oc(nn1)[C@@]23CC4[C@H](C(C2)CC(C3)C4)NC(=O)N5c6c(cccc6)N(CC5)c7ncc(cc7)N8CCN(CC8)S(=O)(=O)C9CC9,0
678,CS(=O)(=O)N1CCN(CC1)c2ccc(cc2)N3CCN(c4c3cccc4)C(=O)N5CC6CCC(C5)N6,0
679,COc1ccc(cn1)C2CCN(CC2)C(=O)N3CCOc4c3cccc4,0
680,CC1(CCN(c2c1cccc2)C(=O)NC3C4CC5CC3CC(C5)(C4)CO)C,1
681,CCOC(=O)CCN1CCN(CC1)c2cnc(cc2)N3c4c(cccc4)N(CC3)C(=O)N[C@H]5C6C[C@]7(CC5CC(C6)C7)C(=O)N,1
682,c1ccc2c(c1)CCCN2C(=O)N3CCC(CC3)c4cc([nH]n4)c5ccco5,0
683,c1c2c(cc(c1F)F)N(CCN2)C(=O)N3CCC(C3)c4c[nH]nc4,1
684,CS(=O)(=O)N1CCN(CC1)c2ccc(cc2)N3c4c(cccc4)N(CC3)C(=O)N[C@H]5C6C[C@]7(CC5CC(C6)C7)N,0
685,c1ccc2c(c1)N(CCN2C(=O)N3CCC(C3)c4c[nH]nc4)c5ccc(cc5)OCC6CCS(=O)(=O)C6,1
686,c1cc(cnc1)C2CCN(C2)C(=O)N3CCOc4c3ccc(c4)Cl,1
687,c1cc2c(cc1)N(CCN2c3ncc(cc3)N4CCN(CC4)[C@@H]5CN[C@@H](C5)C(=O)N6CC(CC6)(F)F)C(=O)N[C@H]7C8C[C@]9(CC7CC(C8)C9)C(=O)N,1
688,CC(C)(C)N1CCN(CC1)c2ccc(nc2)N3CCN(c4c3cccc4)C(=O)N5CCS(=O)(=O)CC5,0
689,c1ccc2c(c1)CCCN2C(=O)N3CCC(CC3)c4c[nH]nc4,1
690,CCN(CCS(=O)(=O)N1CCN(CC1)c2ccc(cc2)N3c4c(cccc4)N(CC3)C(=O)N[C@H]5C6C[C@]7(CC5CC(C6)C7)C(=O)N)CC,1
691,CC(C)(C)CNC(=O)N1CCN(c2c1cccc2)c3ccc(cn3)N4CCN(CC4)C(C)(C)C,0
692,c1ccc2c(c1)CCCN2C(=O)N3C[C@H](C[C@H]3C(=O)N)c4cccnc4,0
693,c1cc2c(cc1)N(CCN2c3cnc(cc3)N4CCN(CC4)S(=O)(=O)C5CC5)C(=O)N[C@H]6C7C[C@]8(CC6CC(C7)C8)C(=O)N,1
694,c1ccc2c(c1)CCCN2C(=O)N3CCC(CC3)c4cc([nH]n4)c5cccs5,0
695,c1cc2c(cc1)N(CCN2c3ncc(cc3)N4CCN(CC4)C5CC5)C(=O)N[C@H]6C7C[C@]8(CC6CC(C7)C8)C(=O)N,1
696,c1cc2c(cc1)N(CCN2c3ccc(cc3)N4CCN(CC4)S(=O)(=O)CCN)C(=O)N[C@H]5C6C[C@]7(CC5CC(C6)C7)C(=O)N,1
697,c1ccc2c(c1)CCCN2C(=O)N3CCCC3c4ccccn4,0
698,c1ccc2c(c1)CCCN2C(=O)N3CCNc4c3cccc4,0
699,c1ccc2c(c1)N(CCO2)C(=O)N3CCC(C3)c4ccncc4,0
700,c1ccc2c(c1)NCCN2C(=O)N3CCC(C3)c4cnn(c4)c5ccc(nc5)C#N,0
701,CC(C)(C)N1CCN(CC1)c2ccc(nc2)N3CCN(c4c3cccc4)C(=O)NCCS(=O)(=O)NC,0
702,c1cc2c(cc1)N(CCN2c3ccc(cc3)c4ncc(cc4)OC5CCNCC5)C(=O)N[C@H]6C7C[C@]8(CC6CC(C7)C8)O,1
703,CC(OC(=O)N1CC2(C1)CN(CC2)c3cnc(cc3)N4c5c(cccc5)N(CC4)C(=O)N[C@H]6C7C[C@]8(CC6CC(C7)C8)C(=O)N)(C)C,1
704,c1cc2c(cc1)N(CCN2c3ncc(cc3)N4CCN(CC4)CC(=O)N5[C@@H](CCC5)C#N)C(=O)N[C@H]6C7C[C@]8(CC6CC(C7)C8)C(=O)N,1
705,c1ccc(cc1)c2ccc(cc2F)N3CCN(c4c3cccc4)C(=O)N5CCC(C5)c6c[nH]nc6,0
706,c1cc2c(cc1)N(CCN2c3ccc(cc3)c4ncc(cc4)OCCN)C(=O)N[C@H]5C6C[C@]7(CC5CC(C6)C7)O,1
707,c1ccc2c(c1)NC(=O)CN2C(=O)N3CCC(C3)c4ccncc4,0
708,c1cc2c(cc1)N(CCN2c3ncc(cc3)N4CCC5(C(C5)(F)F)CC4)C(=O)N[C@H]6C7C[C@]8(CC6CC(C7)C8)C(=O)N,1
709,CCc1ccccc1C2CC3CCC(C2)N3C(=O)N4CCCc5c4cccc5,1
710,c1ccc2c(c1)N(CCN2C(=O)N3CCC(CC3)CCO)c4ccc(cc4)OCC(=O)NC5CC5,0
711,c1ccc2c(c1)N(CCN2C(=O)N3CCC(C3)c4c[nH]nc4)c5ccc(cn5)c6cc(cc(c6)F)F,0
712,CC(N1CCN(CC1)c2cnc(nc2)N3c4c(cccc4)N(CC3)C(=O)N[C@H]5C6C[C@]7(CC5CC(C6)C7)C(=O)N)(C)C,1
713,c1ccc2c(c1)CCCC23CCN(C3)C(=O)N4CCNc5c4cccc5,1
714,c1ccc2c(c1)N(CCO2)C(=O)N3CCC(CC3)c4cccnc4,0
715,CS(=O)(=O)N1CCN(CC1)c2cnc(cc2)N3c4c(cccc4)N(CC3)C(=O)N[C@H]5C6C[C@]7(CC5CC(C6)C7)O,1
716,CS(=O)(=O)N1CCN(CC1)c2cnc(cc2)N3c4c(cccc4)N(CC3)C(=O)N[C@H]5C6C[C@]7(CC5CC(C6)C7)O,1
717,CS(=O)(=O)N1CCN(CC1)c2cnc(cc2)N3c4c(cccc4)N(CC3)C(=O)N[C@H]5C6C[C@]7(CC5CC(C6)C7)O,1
718,CS(=O)(=O)N1CCN(CC1)c2cnc(cc2)N3c4c(cccc4)N(CC3)C(=O)N[C@H]5C6C[C@]7(CC5CC(C6)C7)O,1
719,CS(=O)(=O)N1CCN(CC1)c2cnc(cc2)N3c4c(cccc4)N(CC3)C(=O)N[C@H]5C6C[C@]7(CC5CC(C6)C7)O,1
720,c1ccc2c(c1)N(CCO2)C(=O)N3CCC(C3)N4CCCCC4,0
721,CC(N1CCN(CC1)c2ccc(cc2)N3c4c(cccc4)N(CC3)C(=O)N[C@H]5C6C[C@]7(CC5CC(C6)C7)C(=O)N)(C)C,1
722,CC(N1CCN(CC1)c2ccc(cc2)N3c4c(cccc4)N(CC3)C(=O)N[C@H]5C6C[C@]7(CC5CC(C6)C7)C(=O)N)(C)C,1
723,CC1(CCN(CC1)c2cnc(cc2)N3c4c(cccc4)N(CC3)C(=O)N[C@H]5C6C[C@]7(CC5CC(C6)C7)C(=O)N)CO,1
724,COC(=O)[C@@H]1CN(C[C@H]1c2cccnc2)C(=O)N3CCCc4c3cccc4,0
725,CS(=O)(=O)N1CCN(CC1)c2cc(ccc2)COc3c4c(ccc3)N(CCO4)C(=O)N[C@H]5C6C[C@]7(CC5CC(C6)C7)O,1
726,c1ccc2c(c1)CCCN2C(=O)N3CCC4(CC3)C=Cc5c4cccc5,1
727,c1ccc2c(c1)C(CCN2C(=O)N3CCC(C3)c4cccnc4)N,0
728,CC(C)N1CCN(CC1)C(=O)c2ccc(nc2)c3ccc(cc3)N4CCN(c5c4cccc5)C(=O)N6CCC(C6)c7c[nH]nc7,1
729,c1ccc2c(c1)CCCN2C(=O)N3CCC(C3)c4ccc(cc4)C(F)(F)F,0
730,CS(=O)(=O)N1CCN(CC1)C(=O)COCC2c3c(cccc3)N(CC2)C(=O)N[C@H]4C5C[C@@]6(CC4CC(C5)C6)O,0
731,CC1(CCN(CC1)c2cnc(cc2)N3c4c(cccc4)N(CC3)C(=O)N[C@H]5C6C[C@]7(CC5CC(C6)C7)C(=O)N)C,1
732,CN(C)C(=O)c1ccc2c(c1)N(CCO2)C(=O)N3CCC(C3)c4cccnc4,0
733,CS(=O)(=O)N1CCN(CC1)C(=O)COCc2cccc3c2OCCN3C(=O)N4CCC(C4)c5c[nH]nc5,0
734,c1ccc2c(c1)N(CCO2)C(=O)N3CCC4(C3)CCCCC4,1
735,COC1(CCN(C1)C(=O)N2CCCc3c2cccc3)c4cccnc4,1
736,CS(=O)(=O)N1CCN(CC1)c2cnc(cc2)OC[C@H]3CC4N(C(C3)CC4)C(=O)N5CC(CC5)c6cn[nH]c6,1
737,c1ccc2c(c1)N(CCN2C(=O)N3CCC(C3)c4c[nH]nc4)c5ccc(cc5)C(=O)NC6CCS(=O)(=O)C6,1
738,c1ccc2c(c1)CCCN2C(=O)N3C4CCC3C=C(C4)c5cccc(c5)C#N,0
739,CC(N1CCN(CC1)C(=O)c2cnc(cc2)c3ccc(cc3)N4c5c(cccc5)N(CC4)C(=O)N[C@H]6C7C[C@]8(CC6CC(C7)C8)O)C,1
740,c1cc2c(cc1)N(CCN2c3ncc(cc3)N4CCN(CC4)S(=O)(=O)C5CC5)C(=O)N[C@H]6C7C[C@]8(CC6CC(C7)C8)OC(=O)N,1
741,c1cc2c(cc1)N(CCN2c3ncc(cc3)N4CCN(CC4)S(=O)(=O)C5CC5)C(=O)N[C@H]6C7C[C@]8(CC6CC(C7)C8)OS(=O)(=O)O,0
742,c1ccc2c(c1)N(CCN2C(=O)NC34C5C6C3C7C4C5C67CO)c8ccc(cc8)c9ccccn9,0
743,c1ccc(cc1)c2ccc(cc2)N3CCN(c4c3cc(c(c4)F)F)C(=O)N5CCC(C5)c6c[nH]nc6,0
744,CC(N1CCN(CC1)c2cnc(cc2)N3c4c(cc(c(c4)F)F)N(CC3)C(=O)N[C@H]5C6C[C@]7(CC5CC(C6)C7)C(=O)N)(C)C,1
745,CC(N1CCN(CC1)c2cnc(cc2)N3c4c(cc(c(c4)F)F)N(CC3)C(=O)N[C@H]5C6C[C@]7(CC5CC(C6)C7)C(=O)N)(C)C,1
746,c1ccc2c(c1)CCCN2C(=O)N3C4CCC3CC(C4)c5ccc(nc5)F,1
747,C1CCC2C(C1)CCCN2C(=O)N3C4CCC3CC(C4)C5CCCNC5,0
748,CC1CNC(=N1)C2CCN(CC2)C(=O)N3CCCc4c3cccc4,0
749,c1ccc2c(c1)CCCN2C(=O)N3C[C@H](C[C@H]3C(=O)[O-])c4cccnc4,0
750,CC(N1CCN(CC1)c2cnc(cc2)N3c4c(cccc4)N(CC3)C(=O)N[C@H]5C6C[C@]7(CC5CC(C6)C7)C(=O)N)(CF)C,1
751,c1ccc2c(c1)N(CCN2C(=O)N3CCC(C3)c4c[nH]nc4)c5ccc(cc5)c6ccc(cc6)Cl,0
752,C[Si](CCS(=O)(=O)N1CCN(CC1)c2cnc(cc2)N3c4c(cccc4)N(CC3)C(=O)N[C@H]5C6C[C@]7(CC5CC(C6)C7)O)(C)C,1
753,CCCc1c(nc[nH]1)C2CCN(CC2)C(=O)N3c4ccccc4OCC3C,0
754,CC(ON=C1CCN(CC1)c2cnc(cc2)N3c4c(cccc4)N(CC3)C(=O)N[C@H]5C6C[C@]7(CC5CC(C6)C7)O)(C)C,1
755,CC(C)(C)N1CCN(CC1)c2ccc(nc2)N3CCN(c4c3cccc4)C(=O)N(C)Cc5cncc6c5cccc6,0
756,Cc1c(ncc(c1)N2CCN(CC2)S(=O)(=O)C3CC3)N4c5c(cccc5)N(CC4)C(=O)N[C@H]6C7C[C@]8(CC6CC(C7)C8)C(=O)N,1
757,CC(C)(C)OC(=O)N1CCN(c2c1cccc2)C(=O)N3CCC(C3)c4cccnc4,0
758,CC(C)(C)N1CCN(CC1)c2ccc(nc2)N3CCN(c4c3cccc4)C(=O)/C=C/c5ccc(c(c5)Cl)F,0
759,c1ccc2c(c1)CCCC23CCN(C3)C(=O)N4CCOc5c4cccc5,1
760,c1ccc2c(c1)CCCC23CCN(C3)C(=O)N4CCOc5c4cccc5,1
761,CC(N1CCN(CC1)c2cnc(cc2)N3c4c(cccc4)N(CC3)C(=O)N[C@H]5C6C[C@]7(CC5CC(C6)C7)O)(C)C,1
762,c1cc2c(cc1Cl)N(CCO2)C(=O)N3CCC(CC3)c4c[nH]cn4,0
763,c1cc2c(cc1)N(CCN2C(=O)C[C@H](N)Cc3c(cc(c(c3)F)F)F)C(=O)N[C@H]4C5C[C@]6(CC4CC(C5)C6)O,0
